Data;1 - Taxa de câmbio - Livre - Dólar americano (venda) - diário - u.m.c./US$
01/04/2002;2,322
02/04/2002;2,3022
03/04/2002;2,2977
04/04/2002;2,3118
05/04/2002;2,2924
08/04/2002;2,2907
09/04/2002;2,2842
10/04/2002;2,2728
11/04/2002;2,2709
12/04/2002;2,2988
15/04/2002;2,318
16/04/2002;2,3172
17/04/2002;2,3165
18/04/2002;2,3327
19/04/2002;2,3269
22/04/2002;2,3347
23/04/2002;2,3487
24/04/2002;2,3568
25/04/2002;2,3666
26/04/2002;2,3558
29/04/2002;2,3689
30/04/2002;2,3625
02/05/2002;2,377
03/05/2002;2,4149
06/05/2002;2,4327
07/05/2002;2,4174
08/05/2002;2,4341
09/05/2002;2,4519
10/05/2002;2,4838
13/05/2002;2,4952
14/05/2002;2,5154
15/05/2002;2,5117
16/05/2002;2,4799
17/05/2002;2,4763
20/05/2002;2,4737
21/05/2002;2,4787
22/05/2002;2,5016
23/05/2002;2,5296
24/05/2002;2,524
27/05/2002;2,5228
28/05/2002;2,5248
29/05/2002;2,5201
31/05/2002;2,522
03/06/2002;2,5413
04/06/2002;2,5697
05/06/2002;2,6086
06/06/2002;2,6418
07/06/2002;2,6708
10/06/2002;2,6367
11/06/2002;2,6664
12/06/2002;2,7486
13/06/2002;2,6922
14/06/2002;2,7181
17/06/2002;2,6823
18/06/2002;2,67
19/06/2002;2,703
20/06/2002;2,7505
21/06/2002;2,791
24/06/2002;2,8269
25/06/2002;2,7995
26/06/2002;2,8584
27/06/2002;2,8593
28/06/2002;2,8444
01/07/2002;2,8595
02/07/2002;2,9141
03/07/2002;2,8617
04/07/2002;2,8481
05/07/2002;2,8746
08/07/2002;2,8711
09/07/2002;2,8551
10/07/2002;2,8541
11/07/2002;2,8232
12/07/2002;2,8147
15/07/2002;2,8455
16/07/2002;2,8671
17/07/2002;2,8783
18/07/2002;2,8772
19/07/2002;2,8671
22/07/2002;2,8816
23/07/2002;2,9132
24/07/2002;2,9479
25/07/2002;2,9822
26/07/2002;3,0177
29/07/2002;3,1449
30/07/2002;3,2692
31/07/2002;3,4285
01/08/2002;3,3275
02/08/2002;3,0302
05/08/2002;3,0732
06/08/2002;3,207
07/08/2002;3,0598
08/08/2002;2,8883
09/08/2002;2,9964
12/08/2002;3,0979
13/08/2002;3,2094
14/08/2002;3,1965
15/08/2002;3,1912
16/08/2002;3,162
19/08/2002;3,1142
20/08/2002;3,0923
21/08/2002;3,0794
22/08/2002;3,1417
23/08/2002;3,1136
26/08/2002;3,0788
27/08/2002;3,0949
28/08/2002;3,1219
29/08/2002;3,1239
30/08/2002;3,0223
02/09/2002;3,0286
03/09/2002;3,0988
04/09/2002;3,1325
05/09/2002;3,1512
06/09/2002;3,1783
09/09/2002;3,1312
10/09/2002;3,1306
11/09/2002;3,1153
12/09/2002;3,1239
13/09/2002;3,1506
16/09/2002;3,1884
17/09/2002;3,2248
18/09/2002;3,324
19/09/2002;3,3843
20/09/2002;3,4277
23/09/2002;3,5448
24/09/2002;3,6216
25/09/2002;3,7257
26/09/2002;3,7516
27/09/2002;3,8541
30/09/2002;3,8949
01/10/2002;3,7467
02/10/2002;3,5936
03/10/2002;3,6952
04/10/2002;3,6593
07/10/2002;3,6965
08/10/2002;3,7017
09/10/2002;3,852
10/10/2002;3,9228
11/10/2002;3,9235
14/10/2002;3,8613
15/10/2002;3,8567
16/10/2002;3,8744
17/10/2002;3,9245
18/10/2002;3,8759
21/10/2002;3,9125
22/10/2002;3,9552
23/10/2002;3,8704
24/10/2002;3,8617
25/10/2002;3,8015
28/10/2002;3,7406
29/10/2002;3,8211
30/10/2002;3,7443
31/10/2002;3,645
01/11/2002;3,6113
04/11/2002;3,5418
05/11/2002;3,5625
06/11/2002;3,5976
07/11/2002;3,6218
08/11/2002;3,5271
11/11/2002;3,5035
12/11/2002;3,5527
13/11/2002;3,6342
14/11/2002;3,6797
18/11/2002;3,5889
19/11/2002;3,5547
20/11/2002;3,5146
21/11/2002;3,5103
22/11/2002;3,5616
25/11/2002;3,5492
26/11/2002;3,5872
27/11/2002;3,5898
28/11/2002;3,603
29/11/2002;3,6365
02/12/2002;3,616
03/12/2002;3,6625
04/12/2002;3,7049
05/12/2002;3,7514
06/12/2002;3,7526
09/12/2002;3,798
10/12/2002;3,7685
11/12/2002;3,7954
12/12/2002;3,7535
13/12/2002;3,7342
16/12/2002;3,6318
17/12/2002;3,5827
18/12/2002;3,5316
19/12/2002;3,5047
20/12/2002;3,4278
23/12/2002;3,4947
24/12/2002;3,501
26/12/2002;3,5251
27/12/2002;3,5413
30/12/2002;3,5333
31/12/2002;3,5333
02/01/2003;3,5224
03/01/2003;3,4698
06/01/2003;3,3664
07/01/2003;3,3423
08/01/2003;3,3124
09/01/2003;3,3297
10/01/2003;3,2918
13/01/2003;3,2956
14/01/2003;3,2758
15/01/2003;3,2983
16/01/2003;3,2937
17/01/2003;3,3632
20/01/2003;3,4103
21/01/2003;3,4402
22/01/2003;3,5189
23/01/2003;3,4901
24/01/2003;3,5923
27/01/2003;3,6623
28/01/2003;3,6312
29/01/2003;3,6417
30/01/2003;3,5696
31/01/2003;3,5258
03/02/2003;3,493
04/02/2003;3,5406
05/02/2003;3,5845
06/02/2003;3,6045
07/02/2003;3,5802
10/02/2003;3,6042
11/02/2003;3,5737
12/02/2003;3,6003
13/02/2003;3,6359
14/02/2003;3,658
17/02/2003;3,6232
18/02/2003;3,5889
19/02/2003;3,5935
20/02/2003;3,6067
21/02/2003;3,6097
24/02/2003;3,587
25/02/2003;3,6013
26/02/2003;3,5817
27/02/2003;3,585
28/02/2003;3,5632
05/03/2003;3,5637
06/03/2003;3,526
07/03/2003;3,501
10/03/2003;3,5281
11/03/2003;3,5061
12/03/2003;3,4763
13/03/2003;3,4293
14/03/2003;3,3958
17/03/2003;3,4442
18/03/2003;3,4308
19/03/2003;3,4576
20/03/2003;3,483
21/03/2003;3,4462
24/03/2003;3,407
25/03/2003;3,3892
26/03/2003;3,3747
27/03/2003;3,4031
28/03/2003;3,3757
31/03/2003;3,3531
01/04/2003;3,3359
02/04/2003;3,2795
03/04/2003;3,2563
04/04/2003;3,2469
07/04/2003;3,1723
08/04/2003;3,1649
09/04/2003;3,1857
10/04/2003;3,2157
11/04/2003;3,2147
14/04/2003;3,1818
15/04/2003;3,1154
16/04/2003;3,0752
17/04/2003;3,0289
22/04/2003;3,0639
23/04/2003;3,0147
24/04/2003;3,0029
25/04/2003;3,0123
28/04/2003;2,9915
29/04/2003;2,9251
30/04/2003;2,8898
02/05/2003;2,9159
05/05/2003;2,9845
06/05/2003;3,0277
07/05/2003;2,9639
08/05/2003;2,9177
09/05/2003;2,8802
12/05/2003;2,8757
13/05/2003;2,8653
14/05/2003;2,8902
15/05/2003;2,9306
16/05/2003;2,9731
19/05/2003;2,9815
20/05/2003;3,0141
21/05/2003;3,0109
22/05/2003;2,9842
23/05/2003;2,9445
26/05/2003;2,9565
27/05/2003;3,0257
28/05/2003;3,014
29/05/2003;2,9488
30/05/2003;2,9656
02/06/2003;2,978
03/06/2003;2,964
04/06/2003;2,9112
05/06/2003;2,8929
06/06/2003;2,8491
09/06/2003;2,8682
10/06/2003;2,8603
11/06/2003;2,8692
12/06/2003;2,862
13/06/2003;2,857
16/06/2003;2,8508
17/06/2003;2,8744
18/06/2003;2,8902
20/06/2003;2,8933
23/06/2003;2,8788
24/06/2003;2,8616
25/06/2003;2,8559
26/06/2003;2,894
27/06/2003;2,8812
30/06/2003;2,872
01/07/2003;2,8443
02/07/2003;2,8219
03/07/2003;2,8332
04/07/2003;2,8299
07/07/2003;2,8676
08/07/2003;2,8823
09/07/2003;2,8671
10/07/2003;2,8922
11/07/2003;2,9029
14/07/2003;2,8753
15/07/2003;2,8554
16/07/2003;2,8677
17/07/2003;2,8563
18/07/2003;2,8774
21/07/2003;2,8828
22/07/2003;2,8826
23/07/2003;2,8878
24/07/2003;2,8961
25/07/2003;2,8885
28/07/2003;2,8965
29/07/2003;2,9155
30/07/2003;2,9473
31/07/2003;2,9655
01/08/2003;3,0006
04/08/2003;3,074
05/08/2003;3,0366
06/08/2003;3,039
07/08/2003;3,0069
08/08/2003;2,9892
11/08/2003;2,9945
12/08/2003;3,0237
13/08/2003;3,0309
14/08/2003;3,014
15/08/2003;2,993
18/08/2003;2,9848
19/08/2003;2,9973
20/08/2003;3,001
21/08/2003;3,0032
22/08/2003;2,9926
25/08/2003;2,9895
26/08/2003;2,9896
27/08/2003;2,9734
28/08/2003;2,9531
29/08/2003;2,9665
01/09/2003;2,984
02/09/2003;2,9789
03/09/2003;2,9568
04/09/2003;2,9418
05/09/2003;2,9216
08/09/2003;2,9155
09/09/2003;2,9306
10/09/2003;2,9125
11/09/2003;2,8991
12/09/2003;2,8959
15/09/2003;2,8898
16/09/2003;2,8967
17/09/2003;2,9057
18/09/2003;2,8975
19/09/2003;2,9065
22/09/2003;2,9021
23/09/2003;2,9145
24/09/2003;2,9244
25/09/2003;2,9306
26/09/2003;2,9373
29/09/2003;2,9374
30/09/2003;2,9234
01/10/2003;2,9034
02/10/2003;2,8989
03/10/2003;2,8875
06/10/2003;2,8753
07/10/2003;2,8701
08/10/2003;2,8444
09/10/2003;2,8422
10/10/2003;2,8401
13/10/2003;2,8371
14/10/2003;2,8425
15/10/2003;2,8268
16/10/2003;2,8409
17/10/2003;2,8635
20/10/2003;2,8839
21/10/2003;2,8642
22/10/2003;2,8602
23/10/2003;2,8698
24/10/2003;2,8695
27/10/2003;2,8728
28/10/2003;2,8675
29/10/2003;2,8537
30/10/2003;2,844
31/10/2003;2,8562
03/11/2003;2,8559
04/11/2003;2,8607
05/11/2003;2,8596
06/11/2003;2,8708
07/11/2003;2,8699
10/11/2003;2,8807
11/11/2003;2,8955
12/11/2003;2,9112
13/11/2003;2,9196
14/11/2003;2,9418
17/11/2003;2,9546
18/11/2003;2,9421
19/11/2003;2,9507
20/11/2003;2,948
21/11/2003;2,9301
24/11/2003;2,927
25/11/2003;2,9246
26/11/2003;2,9361
27/11/2003;2,9477
28/11/2003;2,9494
01/12/2003;2,9341
02/12/2003;2,9273
03/12/2003;2,9316
04/12/2003;2,9403
05/12/2003;2,9398
08/12/2003;2,9422
09/12/2003;2,935
10/12/2003;2,9429
11/12/2003;2,9434
12/12/2003;2,942
15/12/2003;2,9293
16/12/2003;2,932
17/12/2003;2,9381
18/12/2003;2,9341
19/12/2003;2,9278
22/12/2003;2,9239
23/12/2003;2,9175
24/12/2003;2,9082
26/12/2003;2,8994
29/12/2003;2,8883
30/12/2003;2,8892
31/12/2003;2,8892
02/01/2004;2,8862
05/01/2004;2,8627
06/01/2004;2,8508
07/01/2004;2,8723
08/01/2004;2,8588
09/01/2004;2,8422
12/01/2004;2,8163
13/01/2004;2,8022
14/01/2004;2,8142
15/01/2004;2,8126
16/01/2004;2,8184
19/01/2004;2,8419
20/01/2004;2,8382
21/01/2004;2,8417
22/01/2004;2,8417
23/01/2004;2,8435
26/01/2004;2,8431
27/01/2004;2,8587
28/01/2004;2,8785
29/01/2004;2,9236
30/01/2004;2,9409
02/02/2004;2,9486
03/02/2004;2,9326
04/02/2004;2,9106
05/02/2004;2,9335
06/02/2004;2,95
09/02/2004;2,9341
10/02/2004;2,9198
11/02/2004;2,9253
12/02/2004;2,9042
13/02/2004;2,9085
16/02/2004;2,9066
17/02/2004;2,9125
18/02/2004;2,9296
19/02/2004;2,9509
20/02/2004;2,9878
25/02/2004;2,9403
26/02/2004;2,9369
27/02/2004;2,9138
01/03/2004;2,8945
02/03/2004;2,9086
03/03/2004;2,8812
04/03/2004;2,8878
05/03/2004;2,879
08/03/2004;2,8752
09/03/2004;2,8758
10/03/2004;2,8891
11/03/2004;2,9132
12/03/2004;2,9063
15/03/2004;2,9013
16/03/2004;2,9001
17/03/2004;2,907
18/03/2004;2,9135
19/03/2004;2,9
22/03/2004;2,9107
23/03/2004;2,9144
24/03/2004;2,9264
25/03/2004;2,9337
26/03/2004;2,941
29/03/2004;2,9365
30/03/2004;2,9216
31/03/2004;2,9086
01/04/2004;2,8904
02/04/2004;2,893
05/04/2004;2,8851
06/04/2004;2,8743
07/04/2004;2,8773
08/04/2004;2,8802
12/04/2004;2,8855
13/04/2004;2,8851
14/04/2004;2,8956
15/04/2004;2,9064
16/04/2004;2,9153
19/04/2004;2,9101
20/04/2004;2,9186
22/04/2004;2,9305
23/04/2004;2,9173
26/04/2004;2,9085
27/04/2004;2,9161
28/04/2004;2,9335
29/04/2004;2,9522
30/04/2004;2,9447
03/05/2004;2,9569
04/05/2004;2,9696
05/05/2004;2,9616
06/05/2004;2,9899
07/05/2004;3,0504
10/05/2004;3,1249
11/05/2004;3,1051
12/05/2004;3,1211
13/05/2004;3,1279
14/05/2004;3,0982
17/05/2004;3,122
18/05/2004;3,1169
19/05/2004;3,1059
20/05/2004;3,1813
21/05/2004;3,2051
24/05/2004;3,1798
25/05/2004;3,1576
26/05/2004;3,157
27/05/2004;3,1524
28/05/2004;3,0961
31/05/2004;3,1291
01/06/2004;3,1567
02/06/2004;3,1302
03/06/2004;3,1443
04/06/2004;3,1335
07/06/2004;3,1119
08/06/2004;3,1155
09/06/2004;3,1166
11/06/2004;3,1402
14/06/2004;3,1651
15/06/2004;3,138
16/06/2004;3,1405
17/06/2004;3,128
18/06/2004;3,1388
21/06/2004;3,1298
22/06/2004;3,1341
23/06/2004;3,1258
24/06/2004;3,103
25/06/2004;3,1096
28/06/2004;3,1247
29/06/2004;3,1183
30/06/2004;3,1075
01/07/2004;3,0747
02/07/2004;3,0502
05/07/2004;3,0316
06/07/2004;3,0418
07/07/2004;3,0367
08/07/2004;3,0475
09/07/2004;3,0429
12/07/2004;3,0371
13/07/2004;3,042
14/07/2004;3,0284
15/07/2004;3,0215
16/07/2004;3,0021
19/07/2004;2,9939
20/07/2004;3,0041
21/07/2004;3,0247
22/07/2004;3,0392
23/07/2004;3,0465
26/07/2004;3,0573
27/07/2004;3,067
28/07/2004;3,0557
29/07/2004;3,0374
30/07/2004;3,0268
02/08/2004;3,0466
03/08/2004;3,055
04/08/2004;3,0579
05/08/2004;3,0637
06/08/2004;3,0489
09/08/2004;3,0396
10/08/2004;3,0285
11/08/2004;3,0392
12/08/2004;3,0307
13/08/2004;3,0235
16/08/2004;3,0146
17/08/2004;2,9989
18/08/2004;2,9922
19/08/2004;2,9793
20/08/2004;2,9742
23/08/2004;2,9687
24/08/2004;2,9576
25/08/2004;2,9512
26/08/2004;2,9541
27/08/2004;2,9571
30/08/2004;2,9488
31/08/2004;2,9338
01/09/2004;2,9298
02/09/2004;2,9361
03/09/2004;2,9289
06/09/2004;2,9142
08/09/2004;2,9014
09/09/2004;2,9028
10/09/2004;2,8988
13/09/2004;2,906
14/09/2004;2,9125
15/09/2004;2,9042
16/09/2004;2,8892
17/09/2004;2,8744
20/09/2004;2,8676
21/09/2004;2,8737
22/09/2004;2,8677
23/09/2004;2,8725
24/09/2004;2,8735
27/09/2004;2,8728
28/09/2004;2,8692
29/09/2004;2,8602
30/09/2004;2,8586
01/10/2004;2,8513
04/10/2004;2,8265
05/10/2004;2,8241
06/10/2004;2,8362
07/10/2004;2,8518
08/10/2004;2,8251
11/10/2004;2,8318
13/10/2004;2,8374
14/10/2004;2,8631
15/10/2004;2,8623
18/10/2004;2,8547
19/10/2004;2,8706
20/10/2004;2,8847
21/10/2004;2,8535
22/10/2004;2,8489
25/10/2004;2,8817
26/10/2004;2,8729
27/10/2004;2,8585
28/10/2004;2,8655
29/10/2004;2,8565
01/11/2004;2,859
03/11/2004;2,8304
04/11/2004;2,8211
05/11/2004;2,8186
08/11/2004;2,8299
09/11/2004;2,8287
10/11/2004;2,8209
11/11/2004;2,82
12/11/2004;2,7991
16/11/2004;2,7856
17/11/2004;2,7674
18/11/2004;2,7603
19/11/2004;2,7637
22/11/2004;2,7678
23/11/2004;2,7446
24/11/2004;2,7485
25/11/2004;2,7511
26/11/2004;2,7332
29/11/2004;2,7402
30/11/2004;2,7307
01/12/2004;2,7145
02/12/2004;2,7239
03/12/2004;2,7095
06/12/2004;2,7186
07/12/2004;2,7322
08/12/2004;2,7664
09/12/2004;2,7744
10/12/2004;2,7867
13/12/2004;2,7697
14/12/2004;2,758
15/12/2004;2,7508
16/12/2004;2,7293
17/12/2004;2,7247
20/12/2004;2,6927
21/12/2004;2,6892
22/12/2004;2,699
23/12/2004;2,7067
24/12/2004;2,6912
27/12/2004;2,6983
28/12/2004;2,6895
29/12/2004;2,6836
30/12/2004;2,6544
31/12/2004;2,6544
03/01/2005;2,6682
04/01/2005;2,6887
05/01/2005;2,7096
06/01/2005;2,7207
07/01/2005;2,7032
10/01/2005;2,6973
11/01/2005;2,7106
12/01/2005;2,7113
13/01/2005;2,7011
14/01/2005;2,7074
17/01/2005;2,7007
18/01/2005;2,7139
19/01/2005;2,7185
20/01/2005;2,7222
21/01/2005;2,6999
24/01/2005;2,678
25/01/2005;2,6794
26/01/2005;2,6748
27/01/2005;2,6645
28/01/2005;2,6587
31/01/2005;2,6248
01/02/2005;2,613
02/02/2005;2,624
03/02/2005;2,6034
04/02/2005;2,603
09/02/2005;2,6078
10/02/2005;2,6122
11/02/2005;2,6173
14/02/2005;2,5834
15/02/2005;2,5762
16/02/2005;2,5926
17/02/2005;2,5737
18/02/2005;2,5621
21/02/2005;2,5762
22/02/2005;2,5937
23/02/2005;2,5857
24/02/2005;2,6098
25/02/2005;2,632
28/02/2005;2,595
01/03/2005;2,6011
02/03/2005;2,6368
03/03/2005;2,6698
04/03/2005;2,6615
07/03/2005;2,6624
08/03/2005;2,6934
09/03/2005;2,7113
10/03/2005;2,7319
11/03/2005;2,7021
14/03/2005;2,7523
15/03/2005;2,7621
16/03/2005;2,757
17/03/2005;2,7522
18/03/2005;2,7163
21/03/2005;2,7288
22/03/2005;2,706
23/03/2005;2,7403
24/03/2005;2,7303
28/03/2005;2,7385
29/03/2005;2,7031
30/03/2005;2,6808
31/03/2005;2,6662
01/04/2005;2,655
04/04/2005;2,6598
05/04/2005;2,6255
06/04/2005;2,6067
07/04/2005;2,6019
08/04/2005;2,5942
11/04/2005;2,5783
12/04/2005;2,5899
13/04/2005;2,5598
14/04/2005;2,5747
15/04/2005;2,5971
18/04/2005;2,6157
19/04/2005;2,5825
20/04/2005;2,5645
22/04/2005;2,5392
25/04/2005;2,5308
26/04/2005;2,5355
27/04/2005;2,5195
28/04/2005;2,5217
29/04/2005;2,5313
02/05/2005;2,5146
03/05/2005;2,5007
04/05/2005;2,4765
05/05/2005;2,4687
06/05/2005;2,4594
09/05/2005;2,4538
10/05/2005;2,465
11/05/2005;2,4719
12/05/2005;2,4648
13/05/2005;2,4715
16/05/2005;2,4772
17/05/2005;2,4779
18/05/2005;2,4636
19/05/2005;2,4458
20/05/2005;2,4493
23/05/2005;2,4299
24/05/2005;2,4313
25/05/2005;2,4116
27/05/2005;2,3934
30/05/2005;2,3784
31/05/2005;2,4038
01/06/2005;2,4286
02/06/2005;2,4202
03/06/2005;2,4029
06/06/2005;2,4576
07/06/2005;2,4632
08/06/2005;2,4464
09/06/2005;2,4891
10/06/2005;2,4751
13/06/2005;2,4562
14/06/2005;2,4375
15/06/2005;2,4455
16/06/2005;2,4161
17/06/2005;2,3873
20/06/2005;2,3855
21/06/2005;2,3772
22/06/2005;2,3703
23/06/2005;2,3932
24/06/2005;2,3877
27/06/2005;2,383
28/06/2005;2,3694
29/06/2005;2,3549
30/06/2005;2,3504
01/07/2005;2,3459
04/07/2005;2,3715
05/07/2005;2,3668
06/07/2005;2,3901
07/07/2005;2,389
08/07/2005;2,3683
11/07/2005;2,3502
12/07/2005;2,3353
13/07/2005;2,3482
14/07/2005;2,3433
15/07/2005;2,3427
18/07/2005;2,3304
19/07/2005;2,3434
20/07/2005;2,3522
21/07/2005;2,3405
22/07/2005;2,3761
25/07/2005;2,4287
26/07/2005;2,4656
27/07/2005;2,4439
28/07/2005;2,4211
29/07/2005;2,3905
01/08/2005;2,3785
02/08/2005;2,353
03/08/2005;2,3151
04/08/2005;2,3054
05/08/2005;2,2986
08/08/2005;2,31
09/08/2005;2,3151
10/08/2005;2,2767
11/08/2005;2,3169
12/08/2005;2,3758
15/08/2005;2,3422
16/08/2005;2,3442
17/08/2005;2,3492
18/08/2005;2,3637
19/08/2005;2,4316
22/08/2005;2,4028
23/08/2005;2,4097
24/08/2005;2,4235
25/08/2005;2,4203
26/08/2005;2,4129
29/08/2005;2,3995
30/08/2005;2,3861
31/08/2005;2,3637
01/09/2005;2,3623
02/09/2005;2,3429
05/09/2005;2,3295
06/09/2005;2,3262
08/09/2005;2,3198
09/09/2005;2,3175
12/09/2005;2,3197
13/09/2005;2,3269
14/09/2005;2,33
15/09/2005;2,3012
16/09/2005;2,2937
19/09/2005;2,2905
20/09/2005;2,2948
21/09/2005;2,2827
22/09/2005;2,2752
23/09/2005;2,2682
26/09/2005;2,2583
27/09/2005;2,2533
28/09/2005;2,2433
29/09/2005;2,2244
30/09/2005;2,2222
03/10/2005;2,2339
04/10/2005;2,2424
05/10/2005;2,2685
06/10/2005;2,2886
07/10/2005;2,263
10/10/2005;2,2384
11/10/2005;2,2351
13/10/2005;2,2627
14/10/2005;2,2511
17/10/2005;2,2352
18/10/2005;2,2405
19/10/2005;2,2535
20/10/2005;2,2443
21/10/2005;2,2546
24/10/2005;2,2623
25/10/2005;2,2618
26/10/2005;2,2746
27/10/2005;2,2851
28/10/2005;2,2791
31/10/2005;2,2543
01/11/2005;2,2516
03/11/2005;2,2336
04/11/2005;2,2231
07/11/2005;2,2013
08/11/2005;2,2032
09/11/2005;2,1717
10/11/2005;2,1757
11/11/2005;2,1633
14/11/2005;2,199
16/11/2005;2,1974
17/11/2005;2,1866
18/11/2005;2,2187
21/11/2005;2,2181
22/11/2005;2,2511
23/11/2005;2,238
24/11/2005;2,237
25/11/2005;2,2329
28/11/2005;2,2094
29/11/2005;2,198
30/11/2005;2,207
01/12/2005;2,2177
02/12/2005;2,2061
05/12/2005;2,1968
06/12/2005;2,1807
07/12/2005;2,18
08/12/2005;2,2127
09/12/2005;2,2446
12/12/2005;2,2634
13/12/2005;2,2565
14/12/2005;2,2779
15/12/2005;2,2957
16/12/2005;2,3356
19/12/2005;2,3735
20/12/2005;2,3497
21/12/2005;2,3168
22/12/2005;2,3254
23/12/2005;2,3327
26/12/2005;2,3325
27/12/2005;2,3526
28/12/2005;2,3483
29/12/2005;2,3407
30/12/2005;2,3407
02/01/2006;2,337
03/01/2006;2,346
04/01/2006;2,3066
05/01/2006;2,2825
06/01/2006;2,287
09/01/2006;2,2632
10/01/2006;2,2638
11/01/2006;2,2679
12/01/2006;2,2729
13/01/2006;2,2747
16/01/2006;2,2762
17/01/2006;2,2924
18/01/2006;2,3276
19/01/2006;2,3225
20/01/2006;2,2756
23/01/2006;2,2609
24/01/2006;2,244
25/01/2006;2,2433
26/01/2006;2,2382
27/01/2006;2,2152
30/01/2006;2,2116
31/01/2006;2,216
01/02/2006;2,2217
02/02/2006;2,221
03/02/2006;2,2202
06/02/2006;2,1877
07/02/2006;2,1866
08/02/2006;2,1956
09/02/2006;2,1778
10/02/2006;2,1575
13/02/2006;2,1621
14/02/2006;2,1435
15/02/2006;2,1375
16/02/2006;2,1177
17/02/2006;2,1186
20/02/2006;2,1182
21/02/2006;2,1297
22/02/2006;2,1484
23/02/2006;2,1353
24/02/2006;2,1355
01/03/2006;2,1181
02/03/2006;2,1134
03/03/2006;2,1155
06/03/2006;2,1261
07/03/2006;2,1682
08/03/2006;2,1778
09/03/2006;2,1615
10/03/2006;2,1447
13/03/2006;2,1349
14/03/2006;2,1269
15/03/2006;2,1215
16/03/2006;2,1067
17/03/2006;2,1188
20/03/2006;2,1386
21/03/2006;2,1591
22/03/2006;2,1553
23/03/2006;2,1506
24/03/2006;2,1628
27/03/2006;2,1804
28/03/2006;2,2238
29/03/2006;2,2228
30/03/2006;2,1952
31/03/2006;2,1724
03/04/2006;2,1542
04/04/2006;2,1293
05/04/2006;2,1344
06/04/2006;2,1299
07/04/2006;2,1409
10/04/2006;2,1522
11/04/2006;2,142
12/04/2006;2,1336
13/04/2006;2,1426
17/04/2006;2,1343
18/04/2006;2,1292
19/04/2006;2,1143
20/04/2006;2,1236
24/04/2006;2,1182
25/04/2006;2,1233
26/04/2006;2,1224
27/04/2006;2,1136
28/04/2006;2,0892
02/05/2006;2,0718
03/05/2006;2,0706
04/05/2006;2,0667
05/05/2006;2,0587
08/05/2006;2,0651
09/05/2006;2,0642
10/05/2006;2,0586
11/05/2006;2,0881
12/05/2006;2,1307
15/05/2006;2,1774
16/05/2006;2,1403
17/05/2006;2,1826
18/05/2006;2,1833
19/05/2006;2,193
22/05/2006;2,2883
23/05/2006;2,2601
24/05/2006;2,3711
25/05/2006;2,315
26/05/2006;2,252
29/05/2006;2,2566
30/05/2006;2,3235
31/05/2006;2,3005
01/06/2006;2,2713
02/06/2006;2,2595
05/06/2006;2,2557
06/06/2006;2,2686
07/06/2006;2,25
08/06/2006;2,2701
09/06/2006;2,2615
12/06/2006;2,2707
13/06/2006;2,3018
14/06/2006;2,2845
16/06/2006;2,2521
19/06/2006;2,2404
20/06/2006;2,2506
21/06/2006;2,2378
22/06/2006;2,2391
23/06/2006;2,2462
26/06/2006;2,2259
27/06/2006;2,2315
28/06/2006;2,2262
29/06/2006;2,2063
30/06/2006;2,1643
03/07/2006;2,1701
04/07/2006;2,1646
05/07/2006;2,1955
06/07/2006;2,184
07/07/2006;2,1765
10/07/2006;2,175
11/07/2006;2,1859
12/07/2006;2,1915
13/07/2006;2,2106
14/07/2006;2,213
17/07/2006;2,2126
18/07/2006;2,1962
19/07/2006;2,181
20/07/2006;2,1895
21/07/2006;2,1935
24/07/2006;2,1916
25/07/2006;2,1993
26/07/2006;2,1984
27/07/2006;2,1899
28/07/2006;2,18
31/07/2006;2,1762
01/08/2006;2,1905
02/08/2006;2,1821
03/08/2006;2,1835
04/08/2006;2,172
07/08/2006;2,1793
08/08/2006;2,1839
09/08/2006;2,1687
10/08/2006;2,1628
11/08/2006;2,1616
14/08/2006;2,1605
15/08/2006;2,148
16/08/2006;2,1329
17/08/2006;2,1365
18/08/2006;2,1456
21/08/2006;2,1361
22/08/2006;2,1355
23/08/2006;2,1354
24/08/2006;2,1523
25/08/2006;2,1571
28/08/2006;2,1473
29/08/2006;2,1419
30/08/2006;2,133
31/08/2006;2,1388
01/09/2006;2,1468
04/09/2006;2,1282
05/09/2006;2,1288
06/09/2006;2,1443
08/09/2006;2,1582
11/09/2006;2,1751
12/09/2006;2,1732
13/09/2006;2,17
14/09/2006;2,1593
15/09/2006;2,154
18/09/2006;2,1453
19/09/2006;2,1518
20/09/2006;2,169
21/09/2006;2,1969
22/09/2006;2,2177
25/09/2006;2,2188
26/09/2006;2,198
27/09/2006;2,186
28/09/2006;2,1793
29/09/2006;2,1742
02/10/2006;2,1623
03/10/2006;2,1655
04/10/2006;2,1676
05/10/2006;2,1629
06/10/2006;2,1636
09/10/2006;2,1588
10/10/2006;2,1497
11/10/2006;2,1546
13/10/2006;2,1419
16/10/2006;2,1331
17/10/2006;2,1361
18/10/2006;2,1339
19/10/2006;2,1387
20/10/2006;2,1457
23/10/2006;2,1391
24/10/2006;2,1467
25/10/2006;2,151
26/10/2006;2,1363
27/10/2006;2,1378
30/10/2006;2,1456
31/10/2006;2,143
01/11/2006;2,141
03/11/2006;2,142
06/11/2006;2,1378
07/11/2006;2,1353
08/11/2006;2,1464
09/11/2006;2,1412
10/11/2006;2,1489
13/11/2006;2,162
14/11/2006;2,1537
16/11/2006;2,1517
17/11/2006;2,1593
20/11/2006;2,1622
21/11/2006;2,1638
22/11/2006;2,1623
23/11/2006;2,1683
24/11/2006;2,17
27/11/2006;2,18
28/11/2006;2,187
29/11/2006;2,1783
30/11/2006;2,1668
01/12/2006;2,1672
04/12/2006;2,1693
05/12/2006;2,156
06/12/2006;2,1528
07/12/2006;2,1428
08/12/2006;2,1442
11/12/2006;2,1384
12/12/2006;2,1481
13/12/2006;2,1459
14/12/2006;2,146
15/12/2006;2,147
18/12/2006;2,147
19/12/2006;2,1572
20/12/2006;2,156
21/12/2006;2,1593
22/12/2006;2,1518
26/12/2006;2,1437
27/12/2006;2,1497
28/12/2006;2,138
29/12/2006;2,138
02/01/2007;2,1342
03/01/2007;2,1372
04/01/2007;2,1429
05/01/2007;2,1474
08/01/2007;2,1505
09/01/2007;2,1506
10/01/2007;2,1556
11/01/2007;2,1465
12/01/2007;2,1421
15/01/2007;2,1407
16/01/2007;2,1444
17/01/2007;2,135
18/01/2007;2,1329
19/01/2007;2,1307
22/01/2007;2,1327
23/01/2007;2,1368
24/01/2007;2,1286
25/01/2007;2,1281
26/01/2007;2,136
29/01/2007;2,136
30/01/2007;2,1329
31/01/2007;2,1247
01/02/2007;2,1093
02/02/2007;2,0982
05/02/2007;2,0964
06/02/2007;2,0833
07/02/2007;2,0852
08/02/2007;2,0951
09/02/2007;2,1033
12/02/2007;2,114
13/02/2007;2,1088
14/02/2007;2,1
15/02/2007;2,0896
16/02/2007;2,0913
21/02/2007;2,0802
22/02/2007;2,0766
23/02/2007;2,0868
26/02/2007;2,0863
27/02/2007;2,1099
28/02/2007;2,1182
01/03/2007;2,126
02/03/2007;2,1274
05/03/2007;2,1388
06/03/2007;2,1209
07/03/2007;2,1121
08/03/2007;2,1054
09/03/2007;2,0983
12/03/2007;2,0902
13/03/2007;2,0962
14/03/2007;2,1044
15/03/2007;2,0909
16/03/2007;2,0915
19/03/2007;2,0792
20/03/2007;2,0763
21/03/2007;2,0676
22/03/2007;2,0602
23/03/2007;2,0652
26/03/2007;2,0601
27/03/2007;2,0637
28/03/2007;2,0716
29/03/2007;2,0545
30/03/2007;2,0504
02/04/2007;2,0478
03/04/2007;2,0372
04/04/2007;2,0321
05/04/2007;2,0333
09/04/2007;2,0236
10/04/2007;2,0282
11/04/2007;2,0333
12/04/2007;2,0371
13/04/2007;2,0231
16/04/2007;2,034
17/04/2007;2,0348
18/04/2007;2,0365
19/04/2007;2,0312
20/04/2007;2,0262
23/04/2007;2,029
24/04/2007;2,0385
25/04/2007;2,0236
26/04/2007;2,0252
27/04/2007;2,0321
30/04/2007;2,0339
02/05/2007;2,0268
03/05/2007;2,0239
04/05/2007;2,0309
07/05/2007;2,0266
08/05/2007;2,0226
09/05/2007;2,0222
10/05/2007;2,0217
11/05/2007;2,0194
14/05/2007;2,0138
15/05/2007;1,9922
16/05/2007;1,9586
17/05/2007;1,9573
18/05/2007;1,963
21/05/2007;1,9435
22/05/2007;1,9409
23/05/2007;1,9489
24/05/2007;1,9653
25/05/2007;1,952
28/05/2007;1,9441
29/05/2007;1,9461
30/05/2007;1,9468
31/05/2007;1,9289
01/06/2007;1,9056
04/06/2007;1,9215
05/06/2007;1,9395
06/06/2007;1,9617
08/06/2007;1,9638
11/06/2007;1,9473
12/06/2007;1,942
13/06/2007;1,9442
14/06/2007;1,9303
15/06/2007;1,9097
18/06/2007;1,9047
19/06/2007;1,9058
20/06/2007;1,9198
21/06/2007;1,9197
22/06/2007;1,9334
25/06/2007;1,9379
26/06/2007;1,9488
27/06/2007;1,9499
28/06/2007;1,9256
29/06/2007;1,9262
02/07/2007;1,9176
03/07/2007;1,9122
04/07/2007;1,9099
05/07/2007;1,9157
06/07/2007;1,9033
09/07/2007;1,8992
10/07/2007;1,8947
11/07/2007;1,89
12/07/2007;1,8767
13/07/2007;1,8684
16/07/2007;1,8647
17/07/2007;1,8621
18/07/2007;1,8609
19/07/2007;1,8536
20/07/2007;1,8606
23/07/2007;1,8448
24/07/2007;1,8525
25/07/2007;1,8643
26/07/2007;1,9054
27/07/2007;1,9069
30/07/2007;1,8809
31/07/2007;1,8776
01/08/2007;1,8856
02/08/2007;1,8729
03/08/2007;1,8814
06/08/2007;1,9106
07/08/2007;1,9077
08/08/2007;1,8866
09/08/2007;1,9191
10/08/2007;1,955
13/08/2007;1,9411
14/08/2007;1,9809
15/08/2007;2,0043
16/08/2007;2,1124
17/08/2007;2,0376
20/08/2007;2,028
21/08/2007;2,0385
22/08/2007;2,0173
23/08/2007;1,9939
24/08/2007;1,9855
27/08/2007;1,9489
28/08/2007;1,9849
29/08/2007;1,9864
30/08/2007;1,9777
31/08/2007;1,962
03/09/2007;1,9547
04/09/2007;1,9528
05/09/2007;1,964
06/09/2007;1,9545
10/09/2007;1,9591
11/09/2007;1,9304
12/09/2007;1,9125
13/09/2007;1,8991
14/09/2007;1,9031
17/09/2007;1,9123
18/09/2007;1,896
19/09/2007;1,8639
20/09/2007;1,8637
21/09/2007;1,8618
24/09/2007;1,8694
25/09/2007;1,8656
26/09/2007;1,8493
27/09/2007;1,8409
28/09/2007;1,8389
01/10/2007;1,8225
02/10/2007;1,8235
03/10/2007;1,8274
04/10/2007;1,8284
05/10/2007;1,8092
08/10/2007;1,8133
09/10/2007;1,8108
10/10/2007;1,8048
11/10/2007;1,792
15/10/2007;1,8078
16/10/2007;1,8242
17/10/2007;1,8138
18/10/2007;1,8071
19/10/2007;1,7964
22/10/2007;1,8206
23/10/2007;1,8007
24/10/2007;1,7969
25/10/2007;1,7896
26/10/2007;1,7752
29/10/2007;1,7595
30/10/2007;1,7552
31/10/2007;1,744
01/11/2007;1,746
05/11/2007;1,7556
06/11/2007;1,7325
07/11/2007;1,74
08/11/2007;1,7354
09/11/2007;1,749
12/11/2007;1,774
13/11/2007;1,7682
14/11/2007;1,7378
16/11/2007;1,7414
19/11/2007;1,7593
20/11/2007;1,7647
21/11/2007;1,7866
22/11/2007;1,7747
23/11/2007;1,7962
26/11/2007;1,811
27/11/2007;1,8501
28/11/2007;1,8018
29/11/2007;1,7905
30/11/2007;1,7837
03/12/2007;1,7888
04/12/2007;1,8233
05/12/2007;1,7956
06/12/2007;1,7873
07/12/2007;1,7616
10/12/2007;1,762
11/12/2007;1,765
12/12/2007;1,7624
13/12/2007;1,7746
14/12/2007;1,7959
17/12/2007;1,8123
18/12/2007;1,8091
19/12/2007;1,8019
20/12/2007;1,8032
21/12/2007;1,7966
24/12/2007;1,7909
26/12/2007;1,7795
27/12/2007;1,7671
28/12/2007;1,7713
31/12/2007;1,7713
02/01/2008;1,7722
03/01/2008;1,7569
04/01/2008;1,7574
07/01/2008;1,7675
08/01/2008;1,7554
09/01/2008;1,7691
10/01/2008;1,7628
11/01/2008;1,7536
14/01/2008;1,7414
15/01/2008;1,745
16/01/2008;1,763
17/01/2008;1,7687
18/01/2008;1,785
21/01/2008;1,8301
22/01/2008;1,8041
23/01/2008;1,8147
24/01/2008;1,7883
25/01/2008;1,7912
28/01/2008;1,7906
29/01/2008;1,7762
30/01/2008;1,7802
31/01/2008;1,7603
01/02/2008;1,7451
06/02/2008;1,7531
07/02/2008;1,7627
08/02/2008;1,7681
11/02/2008;1,7601
12/02/2008;1,7478
13/02/2008;1,7459
14/02/2008;1,7469
15/02/2008;1,7541
18/02/2008;1,7394
19/02/2008;1,7329
20/02/2008;1,7351
21/02/2008;1,7104
22/02/2008;1,704
25/02/2008;1,7062
26/02/2008;1,6882
27/02/2008;1,6715
28/02/2008;1,6723
29/02/2008;1,6833
03/03/2008;1,6816
04/03/2008;1,673
05/03/2008;1,67
06/03/2008;1,672
07/03/2008;1,6841
10/03/2008;1,6996
11/03/2008;1,6947
12/03/2008;1,6796
13/03/2008;1,6971
14/03/2008;1,6947
17/03/2008;1,7248
18/03/2008;1,7007
19/03/2008;1,7045
20/03/2008;1,7424
24/03/2008;1,7407
25/03/2008;1,7341
26/03/2008;1,7288
27/03/2008;1,7345
28/03/2008;1,7456
31/03/2008;1,7491
01/04/2008;1,7534
02/04/2008;1,7273
03/04/2008;1,7252
04/04/2008;1,7117
07/04/2008;1,699
08/04/2008;1,7038
09/04/2008;1,6878
10/04/2008;1,6822
11/04/2008;1,6876
14/04/2008;1,6867
15/04/2008;1,6822
16/04/2008;1,6699
17/04/2008;1,6588
18/04/2008;1,6693
22/04/2008;1,6575
23/04/2008;1,6582
24/04/2008;1,6687
25/04/2008;1,6688
28/04/2008;1,6764
29/04/2008;1,7058
30/04/2008;1,6872
02/05/2008;1,6506
05/05/2008;1,6578
06/05/2008;1,6615
07/05/2008;1,6741
08/05/2008;1,6936
09/05/2008;1,6949
12/05/2008;1,6743
13/05/2008;1,6583
14/05/2008;1,6641
15/05/2008;1,6601
16/05/2008;1,6434
19/05/2008;1,646
20/05/2008;1,657
21/05/2008;1,6492
23/05/2008;1,6547
26/05/2008;1,661
27/05/2008;1,6681
28/05/2008;1,663
29/05/2008;1,6496
30/05/2008;1,6294
02/06/2008;1,632
03/06/2008;1,6215
04/06/2008;1,6307
05/06/2008;1,6262
06/06/2008;1,6282
09/06/2008;1,6265
10/06/2008;1,6392
11/06/2008;1,6428
12/06/2008;1,64
13/06/2008;1,6368
16/06/2008;1,6277
17/06/2008;1,6127
18/06/2008;1,6113
19/06/2008;1,6051
20/06/2008;1,6042
23/06/2008;1,6117
24/06/2008;1,6046
25/06/2008;1,6001
26/06/2008;1,5951
27/06/2008;1,6077
30/06/2008;1,5919
01/07/2008;1,6061
02/07/2008;1,5993
03/07/2008;1,6089
04/07/2008;1,61
07/07/2008;1,6041
08/07/2008;1,6027
09/07/2008;1,6092
10/07/2008;1,6147
11/07/2008;1,6032
14/07/2008;1,5942
15/07/2008;1,591
16/07/2008;1,596
17/07/2008;1,5913
18/07/2008;1,5938
21/07/2008;1,5818
22/07/2008;1,5811
23/07/2008;1,5834
24/07/2008;1,5781
25/07/2008;1,5745
28/07/2008;1,5754
29/07/2008;1,573
30/07/2008;1,5641
31/07/2008;1,5666
01/08/2008;1,5593
04/08/2008;1,5659
05/08/2008;1,5732
06/08/2008;1,5782
07/08/2008;1,5843
08/08/2008;1,6136
11/08/2008;1,6148
12/08/2008;1,6161
13/08/2008;1,6211
14/08/2008;1,6204
15/08/2008;1,6389
18/08/2008;1,6349
19/08/2008;1,6343
20/08/2008;1,6207
21/08/2008;1,6143
22/08/2008;1,6217
25/08/2008;1,6275
26/08/2008;1,6375
27/08/2008;1,6213
28/08/2008;1,6262
29/08/2008;1,6344
01/09/2008;1,6447
02/09/2008;1,6602
03/09/2008;1,6728
04/09/2008;1,701
05/09/2008;1,7305
08/09/2008;1,7282
09/09/2008;1,7544
10/09/2008;1,7858
11/09/2008;1,8255
12/09/2008;1,7912
15/09/2008;1,8125
16/09/2008;1,841
17/09/2008;1,866
18/09/2008;1,9159
19/09/2008;1,8398
22/09/2008;1,7989
23/09/2008;1,8242
24/09/2008;1,8445
25/09/2008;1,8277
26/09/2008;1,8555
29/09/2008;1,9559
30/09/2008;1,9143
01/10/2008;1,9213
02/10/2008;2,0081
03/10/2008;2,054
06/10/2008;2,1769
07/10/2008;2,1883
08/10/2008;2,3924
09/10/2008;2,1818
10/10/2008;2,288
13/10/2008;2,1562
14/10/2008;2,0789
15/10/2008;2,1551
16/10/2008;2,1854
17/10/2008;2,102
20/10/2008;2,1174
21/10/2008;2,1941
22/10/2008;2,365
23/10/2008;2,3147
24/10/2008;2,3112
27/10/2008;2,2524
28/10/2008;2,17
29/10/2008;2,132
30/10/2008;2,1151
31/10/2008;2,1153
03/11/2008;2,1818
04/11/2008;2,1227
05/11/2008;2,121
06/11/2008;2,1593
07/11/2008;2,1613
10/11/2008;2,1335
11/11/2008;2,201
12/11/2008;2,2632
13/11/2008;2,3314
14/11/2008;2,28
17/11/2008;2,294
18/11/2008;2,2996
19/11/2008;2,3766
20/11/2008;2,3962
21/11/2008;2,4277
24/11/2008;2,35
25/11/2008;2,3056
26/11/2008;2,3221
27/11/2008;2,2657
28/11/2008;2,3331
01/12/2008;2,3565
02/12/2008;2,3457
03/12/2008;2,4213
04/12/2008;2,4905
05/12/2008;2,5004
08/12/2008;2,4689
09/12/2008;2,4829
10/12/2008;2,4683
11/12/2008;2,3397
12/12/2008;2,392
15/12/2008;2,369
16/12/2008;2,3783
17/12/2008;2,3576
18/12/2008;2,3572
19/12/2008;2,3859
22/12/2008;2,374
23/12/2008;2,3829
24/12/2008;2,3751
26/12/2008;2,3613
29/12/2008;2,3956
30/12/2008;2,337
31/12/2008;2,337
02/01/2009;2,3298
05/01/2009;2,278
06/01/2009;2,1889
07/01/2009;2,2174
08/01/2009;2,2683
09/01/2009;2,2867
12/01/2009;2,2969
13/01/2009;2,3083
14/01/2009;2,3341
15/01/2009;2,3803
16/01/2009;2,3248
19/01/2009;2,3306
20/01/2009;2,3548
21/01/2009;2,3544
22/01/2009;2,3299
23/01/2009;2,3568
26/01/2009;2,3149
27/01/2009;2,3109
28/01/2009;2,2982
29/01/2009;2,2761
30/01/2009;2,3162
02/02/2009;2,3475
03/02/2009;2,3144
04/02/2009;2,2994
05/02/2009;2,3065
06/02/2009;2,2658
09/02/2009;2,2446
10/02/2009;2,2528
11/02/2009;2,287
12/02/2009;2,2909
13/02/2009;2,268
16/02/2009;2,2719
17/02/2009;2,3131
18/02/2009;2,3396
19/02/2009;2,3249
20/02/2009;2,3916
25/02/2009;2,3814
26/02/2009;2,3503
27/02/2009;2,3784
02/03/2009;2,4121
03/03/2009;2,4218
04/03/2009;2,3917
05/03/2009;2,3822
06/03/2009;2,3768
09/03/2009;2,3781
10/03/2009;2,3515
11/03/2009;2,3366
12/03/2009;2,3158
13/03/2009;2,3012
16/03/2009;2,2705
17/03/2009;2,2833
18/03/2009;2,2806
19/03/2009;2,2379
20/03/2009;2,2567
23/03/2009;2,2505
24/03/2009;2,2567
25/03/2009;2,2435
26/03/2009;2,2375
27/03/2009;2,2745
30/03/2009;2,3297
31/03/2009;2,3152
01/04/2009;2,2899
02/04/2009;2,2355
03/04/2009;2,2072
06/04/2009;2,2252
07/04/2009;2,2249
08/04/2009;2,2014
09/04/2009;2,1766
13/04/2009;2,1699
14/04/2009;2,1876
15/04/2009;2,1992
16/04/2009;2,1791
17/04/2009;2,1864
20/04/2009;2,235
22/04/2009;2,2128
23/04/2009;2,2107
24/04/2009;2,1933
27/04/2009;2,2165
28/04/2009;2,2037
29/04/2009;2,1838
30/04/2009;2,1783
04/05/2009;2,1369
05/05/2009;2,1476
06/05/2009;2,1213
07/05/2009;2,0984
08/05/2009;2,075
11/05/2009;2,0579
12/05/2009;2,0649
13/05/2009;2,0992
14/05/2009;2,0929
15/05/2009;2,0762
18/05/2009;2,0784
19/05/2009;2,0488
20/05/2009;2,0199
21/05/2009;2,0264
22/05/2009;2,0279
25/05/2009;2,0234
26/05/2009;2,0261
27/05/2009;2,0095
28/05/2009;2,0144
29/05/2009;1,973
01/06/2009;1,944
02/06/2009;1,937
03/06/2009;1,96
04/06/2009;1,9497
05/06/2009;1,9534
08/06/2009;1,9704
09/06/2009;1,9385
10/06/2009;1,9474
12/06/2009;1,9301
15/06/2009;1,9458
16/06/2009;1,9461
17/06/2009;1,9784
18/06/2009;1,9709
19/06/2009;1,9592
22/06/2009;2,0074
23/06/2009;2,0019
24/06/2009;1,9724
25/06/2009;1,9562
26/06/2009;1,9396
29/06/2009;1,9487
30/06/2009;1,9516
01/07/2009;1,9342
02/07/2009;1,9469
03/07/2009;1,9474
06/07/2009;1,9711
07/07/2009;1,9641
08/07/2009;1,9982
09/07/2009;1,9921
10/07/2009;2,0147
13/07/2009;1,9895
14/07/2009;1,9704
15/07/2009;1,942
16/07/2009;1,934
17/07/2009;1,929
20/07/2009;1,9068
21/07/2009;1,9043
22/07/2009;1,9029
23/07/2009;1,8922
24/07/2009;1,896
27/07/2009;1,8837
28/07/2009;1,8819
29/07/2009;1,8982
30/07/2009;1,8811
31/07/2009;1,8726
03/08/2009;1,8369
04/08/2009;1,8272
05/08/2009;1,8181
06/08/2009;1,8348
07/08/2009;1,8232
10/08/2009;1,8412
11/08/2009;1,8457
12/08/2009;1,8386
13/08/2009;1,8325
14/08/2009;1,8385
17/08/2009;1,8682
18/08/2009;1,8574
19/08/2009;1,8433
20/08/2009;1,8434
21/08/2009;1,8297
24/08/2009;1,8339
25/08/2009;1,8419
26/08/2009;1,867
27/08/2009;1,8669
28/08/2009;1,874
31/08/2009;1,8864
01/09/2009;1,8829
02/09/2009;1,9038
03/09/2009;1,8702
04/09/2009;1,8501
08/09/2009;1,8254
09/09/2009;1,828
10/09/2009;1,8261
11/09/2009;1,8179
14/09/2009;1,8197
15/09/2009;1,8087
16/09/2009;1,7984
17/09/2009;1,8094
18/09/2009;1,8049
21/09/2009;1,8172
22/09/2009;1,8061
23/09/2009;1,7916
24/09/2009;1,7917
25/09/2009;1,8017
28/09/2009;1,791
29/09/2009;1,7928
30/09/2009;1,7781
01/10/2009;1,7794
02/10/2009;1,7844
05/10/2009;1,7673
06/10/2009;1,7533
07/10/2009;1,7595
08/10/2009;1,7412
09/10/2009;1,7389
13/10/2009;1,7298
14/10/2009;1,7099
15/10/2009;1,7037
16/10/2009;1,7135
19/10/2009;1,713
20/10/2009;1,745
21/10/2009;1,744
22/10/2009;1,7304
23/10/2009;1,7113
26/10/2009;1,7157
27/10/2009;1,7342
28/10/2009;1,7447
29/10/2009;1,7436
30/10/2009;1,744
03/11/2009;1,7588
04/11/2009;1,7271
05/11/2009;1,724
06/11/2009;1,7179
09/11/2009;1,7024
10/11/2009;1,7096
11/11/2009;1,7112
12/11/2009;1,725
13/11/2009;1,729
16/11/2009;1,7127
17/11/2009;1,7153
18/11/2009;1,7103
19/11/2009;1,7287
20/11/2009;1,7356
23/11/2009;1,7245
24/11/2009;1,7282
25/11/2009;1,7272
26/11/2009;1,7409
27/11/2009;1,7443
30/11/2009;1,7505
01/12/2009;1,7293
02/12/2009;1,7201
03/12/2009;1,7096
04/12/2009;1,7131
07/12/2009;1,7302
08/12/2009;1,7482
09/12/2009;1,7611
10/12/2009;1,7627
11/12/2009;1,7521
14/12/2009;1,7483
15/12/2009;1,7557
16/12/2009;1,7518
17/12/2009;1,7823
18/12/2009;1,7879
21/12/2009;1,7787
22/12/2009;1,7825
23/12/2009;1,7763
24/12/2009;1,7527
28/12/2009;1,7398
29/12/2009;1,7421
30/12/2009;1,7412
31/12/2009;1,7412
04/01/2010;1,724
05/01/2010;1,7227
06/01/2010;1,7337
07/01/2010;1,7413
08/01/2010;1,739
11/01/2010;1,7323
12/01/2010;1,7439
13/01/2010;1,7442
14/01/2010;1,7648
15/01/2010;1,7711
18/01/2010;1,7721
19/01/2010;1,7747
20/01/2010;1,7854
21/01/2010;1,7903
22/01/2010;1,8187
25/01/2010;1,8194
26/01/2010;1,8367
27/01/2010;1,8513
28/01/2010;1,856
29/01/2010;1,8748
01/02/2010;1,8773
02/02/2010;1,8363
03/02/2010;1,8337
04/02/2010;1,8715
05/02/2010;1,8753
08/02/2010;1,873
09/02/2010;1,855
10/02/2010;1,8483
11/02/2010;1,8516
12/02/2010;1,867
17/02/2010;1,8313
18/02/2010;1,8266
19/02/2010;1,8116
22/02/2010;1,8046
23/02/2010;1,8186
24/02/2010;1,8203
25/02/2010;1,8364
26/02/2010;1,811
01/03/2010;1,8
02/03/2010;1,7851
03/03/2010;1,7846
04/03/2010;1,7888
05/03/2010;1,7824
08/03/2010;1,7826
09/03/2010;1,7899
10/03/2010;1,7716
11/03/2010;1,7693
12/03/2010;1,7637
15/03/2010;1,7644
16/03/2010;1,7666
17/03/2010;1,764
18/03/2010;1,7848
19/03/2010;1,7954
22/03/2010;1,803
23/03/2010;1,7813
24/03/2010;1,7904
25/03/2010;1,8008
26/03/2010;1,8231
29/03/2010;1,8064
30/03/2010;1,7952
31/03/2010;1,781
01/04/2010;1,7701
05/04/2010;1,7573
06/04/2010;1,7605
07/04/2010;1,7662
08/04/2010;1,7806
09/04/2010;1,773
12/04/2010;1,7608
13/04/2010;1,7584
14/04/2010;1,7446
15/04/2010;1,7483
16/04/2010;1,7558
19/04/2010;1,7588
20/04/2010;1,7497
22/04/2010;1,7626
23/04/2010;1,7624
26/04/2010;1,7446
27/04/2010;1,7592
28/04/2010;1,7558
29/04/2010;1,7321
30/04/2010;1,7306
03/05/2010;1,7315
04/05/2010;1,7557
05/05/2010;1,7862
06/05/2010;1,8353
07/05/2010;1,8343
10/05/2010;1,7833
11/05/2010;1,7843
12/05/2010;1,7723
13/05/2010;1,7737
14/05/2010;1,7967
17/05/2010;1,8045
18/05/2010;1,7921
19/05/2010;1,8366
20/05/2010;1,8677
21/05/2010;1,871
24/05/2010;1,8522
25/05/2010;1,8811
26/05/2010;1,8461
27/05/2010;1,8328
28/05/2010;1,8229
31/05/2010;1,8167
01/06/2010;1,8255
02/06/2010;1,8362
04/06/2010;1,8401
07/06/2010;1,8634
08/06/2010;1,8658
09/06/2010;1,8423
10/06/2010;1,8185
11/06/2010;1,8125
14/06/2010;1,803
15/06/2010;1,7971
16/06/2010;1,7893
17/06/2010;1,7817
18/06/2010;1,7761
21/06/2010;1,7663
22/06/2010;1,768
23/06/2010;1,7908
24/06/2010;1,7907
25/06/2010;1,7781
28/06/2010;1,7826
29/06/2010;1,8076
30/06/2010;1,8015
01/07/2010;1,8006
02/07/2010;1,7785
05/07/2010;1,7755
06/07/2010;1,7665
07/07/2010;1,7719
08/07/2010;1,7652
09/07/2010;1,7572
12/07/2010;1,7644
13/07/2010;1,7525
14/07/2010;1,7657
15/07/2010;1,769
16/07/2010;1,7792
19/07/2010;1,7854
20/07/2010;1,78
21/07/2010;1,7766
22/07/2010;1,7629
23/07/2010;1,7617
26/07/2010;1,7669
27/07/2010;1,7658
28/07/2010;1,765
29/07/2010;1,7643
30/07/2010;1,7572
02/08/2010;1,7489
03/08/2010;1,7594
04/08/2010;1,7563
05/08/2010;1,7535
06/08/2010;1,7566
09/08/2010;1,7537
10/08/2010;1,7576
11/08/2010;1,7663
12/08/2010;1,7731
13/08/2010;1,7716
16/08/2010;1,7639
17/08/2010;1,7528
18/08/2010;1,7513
19/08/2010;1,7584
20/08/2010;1,7597
23/08/2010;1,7587
24/08/2010;1,7727
25/08/2010;1,7668
26/08/2010;1,7596
27/08/2010;1,7544
30/08/2010;1,7591
31/08/2010;1,756
01/09/2010;1,7441
02/09/2010;1,7367
03/09/2010;1,7281
06/09/2010;1,7259
08/09/2010;1,7231
09/09/2010;1,7238
10/09/2010;1,7186
13/09/2010;1,7174
14/09/2010;1,7076
15/09/2010;1,7169
16/09/2010;1,7184
17/09/2010;1,7166
20/09/2010;1,7216
21/09/2010;1,7255
22/09/2010;1,7184
23/09/2010;1,7194
24/09/2010;1,712
27/09/2010;1,71
28/09/2010;1,7093
29/09/2010;1,7053
30/09/2010;1,6942
01/10/2010;1,6812
04/10/2010;1,6882
05/10/2010;1,6808
06/10/2010;1,6758
07/10/2010;1,6777
08/10/2010;1,6804
11/10/2010;1,6648
13/10/2010;1,6554
14/10/2010;1,6596
15/10/2010;1,6604
18/10/2010;1,6686
19/10/2010;1,6868
20/10/2010;1,6735
21/10/2010;1,6897
22/10/2010;1,6997
25/10/2010;1,7026
26/10/2010;1,7045
27/10/2010;1,7077
28/10/2010;1,7112
29/10/2010;1,7014
01/11/2010;1,7044
03/11/2010;1,6937
04/11/2010;1,6819
05/11/2010;1,6801
08/11/2010;1,697
09/11/2010;1,697
10/11/2010;1,707
11/11/2010;1,7178
12/11/2010;1,7198
16/11/2010;1,7295
17/11/2010;1,7298
18/11/2010;1,7143
19/11/2010;1,7189
22/11/2010;1,7235
23/11/2010;1,7336
24/11/2010;1,7247
25/11/2010;1,7206
26/11/2010;1,7298
29/11/2010;1,7271
30/11/2010;1,7161
01/12/2010;1,7052
02/12/2010;1,7029
03/12/2010;1,6917
06/12/2010;1,6836
07/12/2010;1,6739
08/12/2010;1,6892
09/12/2010;1,7024
10/12/2010;1,7117
13/12/2010;1,7027
14/12/2010;1,6949
15/12/2010;1,6988
16/12/2010;1,7028
17/12/2010;1,7098
20/12/2010;1,7082
21/12/2010;1,6974
22/12/2010;1,6946
23/12/2010;1,6984
24/12/2010;1,6903
27/12/2010;1,6922
28/12/2010;1,6866
29/12/2010;1,6788
30/12/2010;1,6662
31/12/2010;1,6662
03/01/2011;1,651
04/01/2011;1,6556
05/01/2011;1,6713
06/01/2011;1,6857
07/01/2011;1,6861
10/01/2011;1,6912
11/01/2011;1,6887
12/01/2011;1,6773
13/01/2011;1,6701
14/01/2011;1,6843
17/01/2011;1,6818
18/01/2011;1,6745
19/01/2011;1,6714
20/01/2011;1,6715
21/01/2011;1,6723
24/01/2011;1,6731
25/01/2011;1,6745
26/01/2011;1,6692
27/01/2011;1,672
28/01/2011;1,6782
31/01/2011;1,6734
01/02/2011;1,6631
02/02/2011;1,6671
03/02/2011;1,6697
04/02/2011;1,6738
07/02/2011;1,6776
08/02/2011;1,6711
09/02/2011;1,6643
10/02/2011;1,668
11/02/2011;1,6679
14/02/2011;1,6681
15/02/2011;1,6682
16/02/2011;1,6704
17/02/2011;1,6661
18/02/2011;1,6677
21/02/2011;1,6667
22/02/2011;1,6694
23/02/2011;1,672
24/02/2011;1,6649
25/02/2011;1,6625
28/02/2011;1,6612
01/03/2011;1,6627
02/03/2011;1,661
03/03/2011;1,6545
04/03/2011;1,6462
09/03/2011;1,6559
10/03/2011;1,6612
11/03/2011;1,6649
14/03/2011;1,6631
15/03/2011;1,6692
16/03/2011;1,6674
17/03/2011;1,6757
18/03/2011;1,672
21/03/2011;1,6652
22/03/2011;1,6638
23/03/2011;1,6602
24/03/2011;1,6593
25/03/2011;1,6581
28/03/2011;1,6614
29/03/2011;1,6546
30/03/2011;1,636
31/03/2011;1,6287
01/04/2011;1,6194
04/04/2011;1,611
05/04/2011;1,6087
06/04/2011;1,6097
07/04/2011;1,5927
08/04/2011;1,5762
11/04/2011;1,5805
12/04/2011;1,587
13/04/2011;1,5864
14/04/2011;1,5842
15/04/2011;1,5776
18/04/2011;1,5912
19/04/2011;1,5792
20/04/2011;1,5722
25/04/2011;1,572
26/04/2011;1,5654
27/04/2011;1,5705
28/04/2011;1,5853
29/04/2011;1,5733
02/05/2011;1,5747
03/05/2011;1,589
04/05/2011;1,603
05/05/2011;1,6219
06/05/2011;1,6111
09/05/2011;1,6199
10/05/2011;1,6069
11/05/2011;1,6178
12/05/2011;1,6207
13/05/2011;1,6328
16/05/2011;1,6317
17/05/2011;1,629
18/05/2011;1,6166
19/05/2011;1,6165
20/05/2011;1,6169
23/05/2011;1,6339
24/05/2011;1,6256
25/05/2011;1,6297
26/05/2011;1,6196
27/05/2011;1,6038
30/05/2011;1,5958
31/05/2011;1,5799
01/06/2011;1,5878
02/06/2011;1,5805
03/06/2011;1,5744
06/06/2011;1,581
07/06/2011;1,5764
08/06/2011;1,582
09/06/2011;1,5877
10/06/2011;1,5938
13/06/2011;1,5888
14/06/2011;1,5821
15/06/2011;1,596
16/06/2011;1,6108
17/06/2011;1,5979
20/06/2011;1,5969
21/06/2011;1,591
22/06/2011;1,5877
24/06/2011;1,5988
27/06/2011;1,5969
28/06/2011;1,5833
29/06/2011;1,573
30/06/2011;1,5611
01/07/2011;1,5599
04/07/2011;1,558
05/07/2011;1,5637
06/07/2011;1,5662
07/07/2011;1,5581
08/07/2011;1,5634
11/07/2011;1,5796
12/07/2011;1,5773
13/07/2011;1,5762
14/07/2011;1,5729
15/07/2011;1,5743
18/07/2011;1,5828
19/07/2011;1,5691
20/07/2011;1,5651
21/07/2011;1,5567
22/07/2011;1,5547
25/07/2011;1,5449
26/07/2011;1,5345
27/07/2011;1,5639
28/07/2011;1,5651
29/07/2011;1,5563
01/08/2011;1,5551
02/08/2011;1,5656
03/08/2011;1,5651
04/08/2011;1,5752
05/08/2011;1,5895
08/08/2011;1,5999
09/08/2011;1,6334
10/08/2011;1,6183
11/08/2011;1,6306
12/08/2011;1,6157
15/08/2011;1,5956
16/08/2011;1,5918
17/08/2011;1,583
18/08/2011;1,6062
19/08/2011;1,596
22/08/2011;1,6009
23/08/2011;1,6036
24/08/2011;1,6039
25/08/2011;1,6154
26/08/2011;1,6114
29/08/2011;1,5974
30/08/2011;1,5904
31/08/2011;1,5872
01/09/2011;1,604
02/09/2011;1,6343
05/09/2011;1,6522
06/09/2011;1,6583
08/09/2011;1,6566
09/09/2011;1,6774
12/09/2011;1,6899
13/09/2011;1,7127
14/09/2011;1,7288
15/09/2011;1,7106
16/09/2011;1,7122
19/09/2011;1,7763
20/09/2011;1,787
21/09/2011;1,828
22/09/2011;1,9016
23/09/2011;1,8735
26/09/2011;1,8445
27/09/2011;1,8008
28/09/2011;1,8131
29/09/2011;1,8291
30/09/2011;1,8544
03/10/2011;1,8811
04/10/2011;1,8856
05/10/2011;1,8456
06/10/2011;1,8116
07/10/2011;1,7666
10/10/2011;1,7478
11/10/2011;1,7658
13/10/2011;1,7536
14/10/2011;1,7376
17/10/2011;1,7488
18/10/2011;1,7724
19/10/2011;1,7604
20/10/2011;1,7826
21/10/2011;1,7803
24/10/2011;1,7768
25/10/2011;1,7548
26/10/2011;1,7606
27/10/2011;1,7323
28/10/2011;1,6986
31/10/2011;1,6885
01/11/2011;1,7506
03/11/2011;1,727
04/11/2011;1,7415
07/11/2011;1,7503
08/11/2011;1,7453
09/11/2011;1,7516
10/11/2011;1,761
11/11/2011;1,7547
14/11/2011;1,7649
16/11/2011;1,7772
17/11/2011;1,7775
18/11/2011;1,7723
21/11/2011;1,8061
22/11/2011;1,8069
23/11/2011;1,8441
24/11/2011;1,866
25/11/2011;1,8937
28/11/2011;1,8596
29/11/2011;1,8486
30/11/2011;1,8109
01/12/2011;1,7929
02/12/2011;1,7843
05/12/2011;1,783
06/12/2011;1,7913
07/12/2011;1,798
08/12/2011;1,7941
09/12/2011;1,813
12/12/2011;1,8219
13/12/2011;1,8409
14/12/2011;1,8728
15/12/2011;1,8609
16/12/2011;1,8465
19/12/2011;1,8616
20/12/2011;1,8508
21/12/2011;1,8556
22/12/2011;1,8578
23/12/2011;1,856
26/12/2011;1,8566
27/12/2011;1,8585
28/12/2011;1,8634
29/12/2011;1,8758
30/12/2011;1,8758
02/01/2012;1,8683
03/01/2012;1,8457
04/01/2012;1,8272
05/01/2012;1,8371
06/01/2012;1,8449
09/01/2012;1,8442
10/01/2012;1,8042
11/01/2012;1,8048
12/01/2012;1,7874
13/01/2012;1,7853
16/01/2012;1,7836
17/01/2012;1,776
18/01/2012;1,7791
19/01/2012;1,7648
20/01/2012;1,767
23/01/2012;1,7528
24/01/2012;1,7649
25/01/2012;1,7632
26/01/2012;1,7389
27/01/2012;1,7436
30/01/2012;1,7509
31/01/2012;1,7391
01/02/2012;1,7376
02/02/2012;1,7326
03/02/2012;1,7223
06/02/2012;1,7249
07/02/2012;1,7261
08/02/2012;1,7195
09/02/2012;1,7225
10/02/2012;1,726
13/02/2012;1,7169
14/02/2012;1,7173
15/02/2012;1,7158
16/02/2012;1,7326
17/02/2012;1,7136
22/02/2012;1,7076
23/02/2012;1,704
24/02/2012;1,7098
27/02/2012;1,7088
28/02/2012;1,7024
29/02/2012;1,7092
01/03/2012;1,7152
02/03/2012;1,7245
05/03/2012;1,7314
06/03/2012;1,7556
07/03/2012;1,7692
08/03/2012;1,7697
09/03/2012;1,7767
12/03/2012;1,8157
13/03/2012;1,8102
14/03/2012;1,8146
15/03/2012;1,8006
16/03/2012;1,8018
19/03/2012;1,809
20/03/2012;1,8259
21/03/2012;1,8267
22/03/2012;1,825
23/03/2012;1,8194
26/03/2012;1,8143
27/03/2012;1,8135
28/03/2012;1,8223
29/03/2012;1,8334
30/03/2012;1,8221
02/04/2012;1,8314
03/04/2012;1,8256
04/04/2012;1,8316
05/04/2012;1,8301
09/04/2012;1,826
10/04/2012;1,8317
11/04/2012;1,8303
12/04/2012;1,827
13/04/2012;1,8364
16/04/2012;1,8373
17/04/2012;1,8454
18/04/2012;1,8694
19/04/2012;1,8867
20/04/2012;1,8786
23/04/2012;1,8864
24/04/2012;1,878
25/04/2012;1,8807
26/04/2012;1,8871
27/04/2012;1,8852
30/04/2012;1,8918
02/05/2012;1,9149
03/05/2012;1,9277
04/05/2012;1,921
07/05/2012;1,9268
08/05/2012;1,9366
09/05/2012;1,9577
10/05/2012;1,9581
11/05/2012;1,9513
14/05/2012;1,9866
15/05/2012;1,9947
16/05/2012;1,9974
17/05/2012;1,9973
18/05/2012;2,0095
21/05/2012;2,0374
22/05/2012;2,0493
23/05/2012;2,0816
24/05/2012;2,0384
25/05/2012;2,0032
28/05/2012;1,9778
29/05/2012;1,9944
30/05/2012;2,0078
31/05/2012;2,0223
01/06/2012;2,035
04/06/2012;2,041
05/06/2012;2,0266
06/06/2012;2,0183
08/06/2012;2,0353
11/06/2012;2,0348
12/06/2012;2,0564
13/06/2012;2,0604
14/06/2012;2,0691
15/06/2012;2,0443
18/06/2012;2,0634
19/06/2012;2,044
20/06/2012;2,0293
21/06/2012;2,0363
22/06/2012;2,0555
25/06/2012;2,0718
26/06/2012;2,0743
27/06/2012;2,0764
28/06/2012;2,0904
29/06/2012;2,0213
02/07/2012;1,9893
03/07/2012;1,9888
04/07/2012;2,0201
05/07/2012;2,0292
06/07/2012;2,0359
09/07/2012;2,0312
10/07/2012;2,0332
11/07/2012;2,031
12/07/2012;2,0471
13/07/2012;2,0338
16/07/2012;2,038
17/07/2012;2,0349
18/07/2012;2,0258
19/07/2012;2,0239
20/07/2012;2,0227
23/07/2012;2,0412
24/07/2012;2,0418
25/07/2012;2,0403
26/07/2012;2,0255
27/07/2012;2,0173
30/07/2012;2,0313
31/07/2012;2,0499
01/08/2012;2,0432
02/08/2012;2,0475
03/08/2012;2,0313
06/08/2012;2,0279
07/08/2012;2,0281
08/08/2012;2,0273
09/08/2012;2,0182
10/08/2012;2,0175
13/08/2012;2,0266
14/08/2012;2,0258
15/08/2012;2,0234
16/08/2012;2,0214
17/08/2012;2,0182
20/08/2012;2,0209
21/08/2012;2,0173
22/08/2012;2,021
23/08/2012;2,0241
24/08/2012;2,0255
27/08/2012;2,0293
28/08/2012;2,0433
29/08/2012;2,0509
30/08/2012;2,0513
31/08/2012;2,0372
03/09/2012;2,0335
04/09/2012;2,0392
05/09/2012;2,0385
06/09/2012;2,0381
10/09/2012;2,0241
11/09/2012;2,0197
12/09/2012;2,0204
13/09/2012;2,0254
14/09/2012;2,0139
17/09/2012;2,0312
18/09/2012;2,0274
19/09/2012;2,0236
20/09/2012;2,0263
21/09/2012;2,024
24/09/2012;2,0273
25/09/2012;2,0251
26/09/2012;2,0341
27/09/2012;2,0311
28/09/2012;2,0306
01/10/2012;2,026
02/10/2012;2,0266
03/10/2012;2,0266
04/10/2012;2,0224
05/10/2012;2,0246
08/10/2012;2,0313
09/10/2012;2,0337
10/10/2012;2,0378
11/10/2012;2,0369
15/10/2012;2,0382
16/10/2012;2,0351
17/10/2012;2,0336
18/10/2012;2,0295
19/10/2012;2,0272
22/10/2012;2,0266
23/10/2012;2,0286
24/10/2012;2,0263
25/10/2012;2,0261
26/10/2012;2,0263
29/10/2012;2,0296
30/10/2012;2,0323
31/10/2012;2,0313
01/11/2012;2,0312
05/11/2012;2,035
06/11/2012;2,0341
07/11/2012;2,033
08/11/2012;2,0357
09/11/2012;2,0512
12/11/2012;2,0476
13/11/2012;2,0614
14/11/2012;2,0629
16/11/2012;2,0712
19/11/2012;2,0745
20/11/2012;2,0835
21/11/2012;2,0924
22/11/2012;2,0912
23/11/2012;2,0985
26/11/2012;2,0787
27/11/2012;2,0752
28/11/2012;2,0912
29/11/2012;2,0991
30/11/2012;2,1074
03/12/2012;2,1121
04/12/2012;2,1077
05/12/2012;2,1046
06/12/2012;2,0836
07/12/2012;2,0804
10/12/2012;2,081
11/12/2012;2,0743
12/12/2012;2,0801
13/12/2012;2,0751
14/12/2012;2,084
17/12/2012;2,0902
18/12/2012;2,0966
19/12/2012;2,0791
20/12/2012;2,0625
21/12/2012;2,0758
24/12/2012;2,0774
26/12/2012;2,0569
27/12/2012;2,0483
28/12/2012;2,0435
31/12/2012;2,0435
02/01/2013;2,0415
03/01/2013;2,0464
04/01/2013;2,0425
07/01/2013;2,0312
08/01/2013;2,0286
09/01/2013;2,0417
10/01/2013;2,0358
11/01/2013;2,0341
14/01/2013;2,0334
15/01/2013;2,0374
16/01/2013;2,0409
17/01/2013;2,0411
18/01/2013;2,0441
21/01/2013;2,042
22/01/2013;2,0471
23/01/2013;2,0394
24/01/2013;2,0344
25/01/2013;2,0285
28/01/2013;2,0241
29/01/2013;1,9912
30/01/2013;1,99
31/01/2013;1,9883
01/02/2013;1,9843
04/02/2013;1,9893
05/02/2013;1,9881
06/02/2013;1,9884
07/02/2013;1,9789
08/02/2013;1,9636
13/02/2013;1,967
14/02/2013;1,9666
15/02/2013;1,96
18/02/2013;1,9676
19/02/2013;1,9597
20/02/2013;1,957
21/02/2013;1,972
22/02/2013;1,9705
25/02/2013;1,9676
26/02/2013;1,9818
27/02/2013;1,9807
28/02/2013;1,9754
01/03/2013;1,9848
04/03/2013;1,9827
05/03/2013;1,9693
06/03/2013;1,9673
07/03/2013;1,9642
08/03/2013;1,9528
11/03/2013;1,9552
12/03/2013;1,9585
13/03/2013;1,9619
14/03/2013;1,9676
15/03/2013;1,9749
18/03/2013;1,9871
19/03/2013;1,983
20/03/2013;1,9868
21/03/2013;1,9931
22/03/2013;2,0126
25/03/2013;2,014
26/03/2013;2,0087
27/03/2013;2,0185
28/03/2013;2,0138
01/04/2013;2,0186
02/04/2013;2,0179
03/04/2013;2,0239
04/04/2013;2,0201
05/04/2013;2,0035
08/04/2013;1,9902
09/04/2013;1,9861
10/04/2013;1,981
11/04/2013;1,9736
12/04/2013;1,9761
15/04/2013;1,979
16/04/2013;1,9903
17/04/2013;1,9939
18/04/2013;2,0152
19/04/2013;2,0089
22/04/2013;2,0154
23/04/2013;2,017
24/04/2013;2,0244
25/04/2013;2,0119
26/04/2013;2,0001
29/04/2013;1,9999
30/04/2013;2,0017
02/05/2013;2,0095
03/05/2013;2,0093
06/05/2013;2,0143
07/05/2013;2,011
08/05/2013;2,003
09/05/2013;2,0051
10/05/2013;2,0231
13/05/2013;2,015
14/05/2013;2,0063
15/05/2013;2,0233
16/05/2013;2,0254
17/05/2013;2,0354
20/05/2013;2,0333
21/05/2013;2,0402
22/05/2013;2,0387
23/05/2013;2,0537
24/05/2013;2,0495
27/05/2013;2,0527
28/05/2013;2,0616
29/05/2013;2,0894
31/05/2013;2,1319
03/06/2013;2,1355
04/06/2013;2,1282
05/06/2013;2,1235
06/06/2013;2,125
07/06/2013;2,1372
10/06/2013;2,1506
11/06/2013;2,1521
12/06/2013;2,142
13/06/2013;2,1447
14/06/2013;2,1367
17/06/2013;2,1538
18/06/2013;2,1706
19/06/2013;2,1744
20/06/2013;2,2523
21/06/2013;2,2648
24/06/2013;2,2515
25/06/2013;2,2185
26/06/2013;2,1975
27/06/2013;2,1846
28/06/2013;2,2156
01/07/2013;2,2297
02/07/2013;2,2412
03/07/2013;2,2634
04/07/2013;2,2595
05/07/2013;2,2645
08/07/2013;2,2583
09/07/2013;2,2628
10/07/2013;2,2697
11/07/2013;2,2672
12/07/2013;2,267
15/07/2013;2,2548
16/07/2013;2,2353
17/07/2013;2,2372
18/07/2013;2,2297
19/07/2013;2,2364
22/07/2013;2,2386
23/07/2013;2,2267
24/07/2013;2,2348
25/07/2013;2,2497
26/07/2013;2,2488
29/07/2013;2,2609
30/07/2013;2,2734
31/07/2013;2,2903
01/08/2013;2,2914
02/08/2013;2,2933
05/08/2013;2,301
06/08/2013;2,2955
07/08/2013;2,3028
08/08/2013;2,2882
09/08/2013;2,2748
12/08/2013;2,2722
13/08/2013;2,3035
14/08/2013;2,3118
15/08/2013;2,3434
16/08/2013;2,3565
19/08/2013;2,398
20/08/2013;2,3943
21/08/2013;2,4169
22/08/2013;2,4457
23/08/2013;2,3868
26/08/2013;2,3705
27/08/2013;2,3998
28/08/2013;2,3515
29/08/2013;2,3578
30/08/2013;2,3725
02/09/2013;2,3643
03/09/2013;2,3897
04/09/2013;2,3538
05/09/2013;2,3314
06/09/2013;2,2979
09/09/2013;2,2868
10/09/2013;2,2779
11/09/2013;2,2947
12/09/2013;2,2769
13/09/2013;2,2785
16/09/2013;2,2649
17/09/2013;2,2617
18/09/2013;2,2489
19/09/2013;2,2036
20/09/2013;2,2053
23/09/2013;2,2033
24/09/2013;2,2031
25/09/2013;2,2224
26/09/2013;2,2285
27/09/2013;2,2571
30/09/2013;2,23
01/10/2013;2,2123
02/10/2013;2,2088
03/10/2013;2,2069
04/10/2013;2,2051
07/10/2013;2,2087
08/10/2013;2,2016
09/10/2013;2,2054
10/10/2013;2,185
11/10/2013;2,1821
14/10/2013;2,1817
15/10/2013;2,1818
16/10/2013;2,1629
17/10/2013;2,1611
18/10/2013;2,1616
21/10/2013;2,1738
22/10/2013;2,176
23/10/2013;2,1826
24/10/2013;2,2003
25/10/2013;2,1848
28/10/2013;2,1846
29/10/2013;2,1804
30/10/2013;2,1888
31/10/2013;2,2026
01/11/2013;2,2468
04/11/2013;2,2426
05/11/2013;2,2747
06/11/2013;2,2785
07/11/2013;2,2825
08/11/2013;2,317
11/11/2013;2,3142
12/11/2013;2,3362
13/11/2013;2,3234
14/11/2013;2,3289
18/11/2013;2,2828
19/11/2013;2,2662
20/11/2013;2,2726
21/11/2013;2,3067
22/11/2013;2,2913
25/11/2013;2,2871
26/11/2013;2,304
27/11/2013;2,3058
28/11/2013;2,3208
29/11/2013;2,3249
02/12/2013;2,3449
03/12/2013;2,3558
04/12/2013;2,374
05/12/2013;2,3747
06/12/2013;2,3525
09/12/2013;2,3225
10/12/2013;2,3102
11/12/2013;2,3262
12/12/2013;2,3338
13/12/2013;2,3354
16/12/2013;2,3255
17/12/2013;2,3221
18/12/2013;2,3274
19/12/2013;2,3528
20/12/2013;2,3817
23/12/2013;2,3706
24/12/2013;2,3554
26/12/2013;2,3507
27/12/2013;2,3538
30/12/2013;2,3426
31/12/2013;2,3426
02/01/2014;2,3975
03/01/2014;2,3741
06/01/2014;2,3789
07/01/2014;2,3634
08/01/2014;2,3779
09/01/2014;2,396
10/01/2014;2,3819
13/01/2014;2,3491
14/01/2014;2,3617
15/01/2014;2,347
16/01/2014;2,3683
17/01/2014;2,3601
20/01/2014;2,3335
21/01/2014;2,3608
22/01/2014;2,3601
23/01/2014;2,3761
24/01/2014;2,4129
27/01/2014;2,4044
28/01/2014;2,4165
29/01/2014;2,4397
30/01/2014;2,4224
31/01/2014;2,4263
03/02/2014;2,409
04/02/2014;2,4177
05/02/2014;2,4106
06/02/2014;2,4041
07/02/2014;2,3817
10/02/2014;2,3936
11/02/2014;2,4076
12/02/2014;2,4086
13/02/2014;2,4238
14/02/2014;2,3924
17/02/2014;2,387
18/02/2014;2,3983
19/02/2014;2,3986
20/02/2014;2,3799
21/02/2014;2,3625
24/02/2014;2,3391
25/02/2014;2,3367
26/02/2014;2,3454
27/02/2014;2,3436
28/02/2014;2,3334
05/03/2014;2,324
06/03/2014;2,3094
07/03/2014;2,3382
10/03/2014;2,341
11/03/2014;2,3461
12/03/2014;2,3649
13/03/2014;2,3486
14/03/2014;2,3638
17/03/2014;2,3518
18/03/2014;2,3522
19/03/2014;2,3338
20/03/2014;2,342
21/03/2014;2,3245
24/03/2014;2,3248
25/03/2014;2,3124
26/03/2014;2,3119
27/03/2014;2,283
28/03/2014;2,2603
31/03/2014;2,263
01/04/2014;2,262
02/04/2014;2,2711
03/04/2014;2,2811
04/04/2014;2,242
07/04/2014;2,2326
08/04/2014;2,1974
09/04/2014;2,2111
10/04/2014;2,1987
11/04/2014;2,2059
14/04/2014;2,2096
15/04/2014;2,2257
16/04/2014;2,2342
17/04/2014;2,2482
22/04/2014;2,2449
23/04/2014;2,2426
24/04/2014;2,2229
25/04/2014;2,2325
28/04/2014;2,237
29/04/2014;2,2199
30/04/2014;2,236
02/05/2014;2,2221
05/05/2014;2,2286
06/05/2014;2,2322
07/05/2014;2,2282
08/05/2014;2,2107
09/05/2014;2,2192
12/05/2014;2,2164
13/05/2014;2,2101
14/05/2014;2,2129
15/05/2014;2,2166
16/05/2014;2,211
19/05/2014;2,2111
20/05/2014;2,2156
21/05/2014;2,2111
22/05/2014;2,2131
23/05/2014;2,2187
26/05/2014;2,2209
27/05/2014;2,2354
28/05/2014;2,2405
29/05/2014;2,2251
30/05/2014;2,239
02/06/2014;2,264
03/06/2014;2,2654
04/06/2014;2,2802
05/06/2014;2,2695
06/06/2014;2,2445
09/06/2014;2,2336
10/06/2014;2,2296
11/06/2014;2,2307
12/06/2014;2,2306
13/06/2014;2,2347
16/06/2014;2,2313
17/06/2014;2,2486
18/06/2014;2,2534
20/06/2014;2,238
23/06/2014;2,2195
24/06/2014;2,2217
25/06/2014;2,2052
26/06/2014;2,2089
27/06/2014;2,1975
30/06/2014;2,2025
01/07/2014;2,2054
02/07/2014;2,2134
03/07/2014;2,2281
04/07/2014;2,2149
07/07/2014;2,2201
08/07/2014;2,215
09/07/2014;2,2139
10/07/2014;2,2237
11/07/2014;2,2228
14/07/2014;2,2176
15/07/2014;2,2195
16/07/2014;2,2193
17/07/2014;2,2403
18/07/2014;2,2362
21/07/2014;2,2238
22/07/2014;2,2129
23/07/2014;2,2202
24/07/2014;2,2204
25/07/2014;2,2293
28/07/2014;2,2302
29/07/2014;2,2278
30/07/2014;2,2447
31/07/2014;2,2674
01/08/2014;2,2607
04/08/2014;2,2577
05/08/2014;2,2756
06/08/2014;2,279
07/08/2014;2,2802
08/08/2014;2,2986
11/08/2014;2,2779
12/08/2014;2,277
13/08/2014;2,2692
14/08/2014;2,2703
15/08/2014;2,269
18/08/2014;2,2595
19/08/2014;2,2587
20/08/2014;2,255
21/08/2014;2,2582
22/08/2014;2,2778
25/08/2014;2,2808
26/08/2014;2,2748
27/08/2014;2,2591
28/08/2014;2,2499
29/08/2014;2,2396
01/09/2014;2,2364
02/09/2014;2,2521
03/09/2014;2,2319
04/09/2014;2,2356
05/09/2014;2,2416
08/09/2014;2,2491
09/09/2014;2,2813
10/09/2014;2,2967
11/09/2014;2,288
12/09/2014;2,3251
15/09/2014;2,3401
16/09/2014;2,3351
17/09/2014;2,3384
18/09/2014;2,3668
19/09/2014;2,3656
22/09/2014;2,387
23/09/2014;2,4026
24/09/2014;2,407
25/09/2014;2,4085
26/09/2014;2,431
29/09/2014;2,4522
30/09/2014;2,451
01/10/2014;2,4623
02/10/2014;2,4785
03/10/2014;2,4932
06/10/2014;2,4098
07/10/2014;2,4038
08/10/2014;2,4072
09/10/2014;2,3914
10/10/2014;2,4103
13/10/2014;2,3923
14/10/2014;2,3991
15/10/2014;2,4316
16/10/2014;2,477
17/10/2014;2,4477
20/10/2014;2,4554
21/10/2014;2,4797
22/10/2014;2,4781
23/10/2014;2,5004
24/10/2014;2,4805
27/10/2014;2,5341
28/10/2014;2,4869
29/10/2014;2,4346
30/10/2014;2,4119
31/10/2014;2,4442
03/11/2014;2,4839
04/11/2014;2,5195
05/11/2014;2,5168
06/11/2014;2,5325
07/11/2014;2,5721
10/11/2014;2,539
11/11/2014;2,5644
12/11/2014;2,555
13/11/2014;2,5725
14/11/2014;2,6136
17/11/2014;2,6035
18/11/2014;2,5967
19/11/2014;2,5849
20/11/2014;2,545
21/11/2014;2,5391
24/11/2014;2,5282
25/11/2014;2,5237
26/11/2014;2,5103
27/11/2014;2,5065
28/11/2014;2,5601
01/12/2014;2,5624
02/12/2014;2,5664
03/12/2014;2,5607
04/12/2014;2,5797
05/12/2014;2,5888
08/12/2014;2,5923
09/12/2014;2,6016
10/12/2014;2,5931
11/12/2014;2,6271
12/12/2014;2,6558
15/12/2014;2,6717
16/12/2014;2,7403
17/12/2014;2,7246
18/12/2014;2,6676
19/12/2014;2,6486
22/12/2014;2,6527
23/12/2014;2,6775
24/12/2014;2,6832
26/12/2014;2,6812
29/12/2014;2,6783
30/12/2014;2,6562
31/12/2014;2,6562
02/01/2015;2,6929
05/01/2015;2,7107
06/01/2015;2,7023
07/01/2015;2,6807
08/01/2015;2,6919
09/01/2015;2,6583
12/01/2015;2,6575
13/01/2015;2,6485
14/01/2015;2,6222
15/01/2015;2,6122
16/01/2015;2,6193
19/01/2015;2,6243
20/01/2015;2,6247
21/01/2015;2,5968
22/01/2015;2,5754
23/01/2015;2,5856
26/01/2015;2,5966
27/01/2015;2,5809
28/01/2015;2,5797
29/01/2015;2,596
30/01/2015;2,6623
02/02/2015;2,6894
03/02/2015;2,7059
04/02/2015;2,7148
05/02/2015;2,7386
06/02/2015;2,7641
09/02/2015;2,7873
10/02/2015;2,8075
11/02/2015;2,8576
12/02/2015;2,8625
13/02/2015;2,8392
18/02/2015;2,843
19/02/2015;2,8545
20/02/2015;2,8701
23/02/2015;2,8811
24/02/2015;2,8649
25/02/2015;2,8646
26/02/2015;2,8728
27/02/2015;2,8782
02/03/2015;2,8655
03/03/2015;2,9051
04/03/2015;2,9804
05/03/2015;2,9931
06/03/2015;3,0366
09/03/2015;3,1018
10/03/2015;3,1299
11/03/2015;3,1162
12/03/2015;3,1171
13/03/2015;3,2264
16/03/2015;3,2257
17/03/2015;3,2683
18/03/2015;3,2518
19/03/2015;3,2642
20/03/2015;3,2423
23/03/2015;3,18
24/03/2015;3,131
25/03/2015;3,1476
26/03/2015;3,1915
27/03/2015;3,2259
30/03/2015;3,2601
31/03/2015;3,208
01/04/2015;3,1556
02/04/2015;3,1492
06/04/2015;3,0926
07/04/2015;3,1231
08/04/2015;3,0834
09/04/2015;3,0466
10/04/2015;3,0796
13/04/2015;3,1011
14/04/2015;3,088
15/04/2015;3,0681
16/04/2015;3,0249
17/04/2015;3,0544
20/04/2015;3,0473
22/04/2015;3,0186
23/04/2015;3,0084
24/04/2015;2,9745
27/04/2015;2,9236
28/04/2015;2,8943
29/04/2015;2,9375
30/04/2015;2,9936
04/05/2015;3,0754
05/05/2015;3,0626
06/05/2015;3,042
07/05/2015;3,0421
08/05/2015;2,9966
11/05/2015;3,0175
12/05/2015;3,0389
13/05/2015;3,0103
14/05/2015;3,0032
15/05/2015;2,9894
18/05/2015;3,0145
19/05/2015;3,0284
20/05/2015;3,0347
21/05/2015;3,0295
22/05/2015;3,0653
25/05/2015;3,1212
26/05/2015;3,1351
27/05/2015;3,174
28/05/2015;3,1748
29/05/2015;3,1788
01/06/2015;3,1789
02/06/2015;3,1443
03/06/2015;3,1184
05/06/2015;3,1684
08/06/2015;3,119
09/06/2015;3,0991
10/06/2015;3,0843
11/06/2015;3,1514
12/06/2015;3,1107
15/06/2015;3,1036
16/06/2015;3,1082
17/06/2015;3,0989
18/06/2015;3,0472
19/06/2015;3,0788
22/06/2015;3,0757
23/06/2015;3,1042
24/06/2015;3,0852
25/06/2015;3,1015
26/06/2015;3,1271
29/06/2015;3,139
30/06/2015;3,1026
01/07/2015;3,1191
02/07/2015;3,1173
03/07/2015;3,1271
06/07/2015;3,1431
07/07/2015;3,1809
08/07/2015;3,2282
09/07/2015;3,2163
10/07/2015;3,1897
13/07/2015;3,1594
14/07/2015;3,123
15/07/2015;3,1532
16/07/2015;3,1375
17/07/2015;3,1832
20/07/2015;3,2149
21/07/2015;3,1813
22/07/2015;3,2094
23/07/2015;3,285
24/07/2015;3,3254
27/07/2015;3,3557
28/07/2015;3,3815
29/07/2015;3,3419
30/07/2015;3,3652
31/07/2015;3,394
03/08/2015;3,4425
04/08/2015;3,4675
05/08/2015;3,4851
06/08/2015;3,5347
07/08/2015;3,5181
10/08/2015;3,4909
11/08/2015;3,4925
12/08/2015;3,4826
13/08/2015;3,5074
14/08/2015;3,4761
17/08/2015;3,4746
18/08/2015;3,4811
19/08/2015;3,4849
20/08/2015;3,4751
21/08/2015;3,4896
24/08/2015;3,5494
25/08/2015;3,5345
26/08/2015;3,6326
27/08/2015;3,5555
28/08/2015;3,579
31/08/2015;3,6467
01/09/2015;3,6725
02/09/2015;3,7314
03/09/2015;3,776
04/09/2015;3,7986
08/09/2015;3,8028
09/09/2015;3,787
10/09/2015;3,8698
11/09/2015;3,8698
14/09/2015;3,8653
15/09/2015;3,8599
16/09/2015;3,8368
17/09/2015;3,8921
18/09/2015;3,9021
21/09/2015;3,9821
22/09/2015;4,0425
23/09/2015;4,1041
24/09/2015;4,1949
25/09/2015;3,9479
28/09/2015;4,0099
29/09/2015;4,1172
30/09/2015;3,9729
01/10/2015;3,9794
02/10/2015;4,001
05/10/2015;3,9141
06/10/2015;3,8567
07/10/2015;3,806
08/10/2015;3,8517
09/10/2015;3,7386
13/10/2015;3,825
14/10/2015;3,8507
15/10/2015;3,8344
16/10/2015;3,8438
19/10/2015;3,9015
20/10/2015;3,8656
21/10/2015;3,9386
22/10/2015;3,936
23/10/2015;3,8988
26/10/2015;3,8582
27/10/2015;3,9114
28/10/2015;3,8797
29/10/2015;3,9328
30/10/2015;3,8589
03/11/2015;3,8126
04/11/2015;3,7687
05/11/2015;3,7893
06/11/2015;3,8059
09/11/2015;3,7928
10/11/2015;3,7981
11/11/2015;3,7327
12/11/2015;3,7996
13/11/2015;3,8023
16/11/2015;3,8336
17/11/2015;3,8052
18/11/2015;3,7921
19/11/2015;3,7442
20/11/2015;3,701
23/11/2015;3,7231
24/11/2015;3,7081
25/11/2015;3,7688
26/11/2015;3,7606
27/11/2015;3,7399
30/11/2015;3,8506
01/12/2015;3,8745
02/12/2015;3,8545
03/12/2015;3,797
04/12/2015;3,7575
07/12/2015;3,7476
08/12/2015;3,7921
09/12/2015;3,758
10/12/2015;3,7685
11/12/2015;3,8548
14/12/2015;3,9023
15/12/2015;3,8703
16/12/2015;3,9357
17/12/2015;3,8929
18/12/2015;3,9062
21/12/2015;3,9831
22/12/2015;3,977
23/12/2015;3,9632
24/12/2015;3,9524
28/12/2015;3,9186
29/12/2015;3,8492
30/12/2015;3,9048
31/12/2015;3,9048
04/01/2016;4,0387
05/01/2016;4,0114
06/01/2016;4,0303
07/01/2016;4,0475
08/01/2016;4,025
11/01/2016;4,0153
12/01/2016;4,0299
13/01/2016;3,9863
14/01/2016;4,0223
15/01/2016;4,0402
18/01/2016;4,0364
19/01/2016;4,0303
20/01/2016;4,0861
21/01/2016;4,1558
22/01/2016;4,1232
25/01/2016;4,1002
26/01/2016;4,0967
27/01/2016;4,0448
28/01/2016;4,0838
29/01/2016;4,0428
01/02/2016;3,9986
02/02/2016;3,9919
03/02/2016;3,9558
04/02/2016;3,8653
05/02/2016;3,8975
10/02/2016;3,9412
11/02/2016;3,9642
12/02/2016;3,9891
15/02/2016;3,9885
16/02/2016;4,0213
17/02/2016;4,0318
18/02/2016;4,0091
19/02/2016;4,0492
22/02/2016;3,9618
23/02/2016;3,9684
24/02/2016;3,99
25/02/2016;3,94
26/02/2016;3,9578
29/02/2016;3,9796
01/03/2016;3,9913
02/03/2016;3,9116
03/03/2016;3,8504
04/03/2016;3,7188
07/03/2016;3,7714
08/03/2016;3,7813
09/03/2016;3,7037
10/03/2016;3,67
11/03/2016;3,6271
14/03/2016;3,6239
15/03/2016;3,7116
16/03/2016;3,8079
17/03/2016;3,6445
18/03/2016;3,6146
21/03/2016;3,6229
22/03/2016;3,6073
23/03/2016;3,6531
24/03/2016;3,6948
28/03/2016;3,6408
29/03/2016;3,6687
30/03/2016;3,6116
31/03/2016;3,5589
01/04/2016;3,5799
04/04/2016;3,5871
05/04/2016;3,6581
06/04/2016;3,6749
07/04/2016;3,6921
08/04/2016;3,6385
11/04/2016;3,5284
12/04/2016;3,5406
13/04/2016;3,5429
14/04/2016;3,5126
15/04/2016;3,5276
18/04/2016;3,5904
19/04/2016;3,5538
20/04/2016;3,5503
22/04/2016;3,5829
25/04/2016;3,5472
26/04/2016;3,5301
27/04/2016;3,5295
28/04/2016;3,4992
29/04/2016;3,4508
02/05/2016;3,4991
03/05/2016;3,555
04/05/2016;3,5397
05/05/2016;3,5296
06/05/2016;3,5362
09/05/2016;3,5387
10/05/2016;3,4772
11/05/2016;3,4645
12/05/2016;3,4877
13/05/2016;3,5041
16/05/2016;3,5035
17/05/2016;3,5037
18/05/2016;3,5368
19/05/2016;3,6003
20/05/2016;3,5419
23/05/2016;3,566
24/05/2016;3,5491
25/05/2016;3,5804
27/05/2016;3,6168
30/05/2016;3,5997
31/05/2016;3,5951
01/06/2016;3,6126
02/06/2016;3,5961
03/06/2016;3,5409
06/06/2016;3,5098
07/06/2016;3,4745
08/06/2016;3,3898
09/06/2016;3,3817
10/06/2016;3,4261
13/06/2016;3,4533
14/06/2016;3,4839
15/06/2016;3,4768
16/06/2016;3,4904
17/06/2016;3,4372
20/06/2016;3,3835
21/06/2016;3,3897
22/06/2016;3,3883
23/06/2016;3,3533
24/06/2016;3,3772
27/06/2016;3,3934
28/06/2016;3,3267
29/06/2016;3,2435
30/06/2016;3,2098
01/07/2016;3,2298
04/07/2016;3,248
05/07/2016;3,2904
06/07/2016;3,3242
07/07/2016;3,3388
08/07/2016;3,2968
11/07/2016;3,3031
12/07/2016;3,275
13/07/2016;3,2896
14/07/2016;3,2311
15/07/2016;3,2656
18/07/2016;3,2634
19/07/2016;3,2801
20/07/2016;3,2512
21/07/2016;3,2585
22/07/2016;3,2854
25/07/2016;3,2819
26/07/2016;3,279
27/07/2016;3,282
28/07/2016;3,274
29/07/2016;3,239
01/08/2016;3,2662
02/08/2016;3,249
03/08/2016;3,2733
04/08/2016;3,2183
05/08/2016;3,1859
08/08/2016;3,1771
09/08/2016;3,1503
10/08/2016;3,1302
11/08/2016;3,1364
12/08/2016;3,1602
15/08/2016;3,1672
16/08/2016;3,1749
17/08/2016;3,2248
18/08/2016;3,2215
19/08/2016;3,2267
22/08/2016;3,2163
23/08/2016;3,2054
24/08/2016;3,2372
25/08/2016;3,2319
26/08/2016;3,2153
29/08/2016;3,2613
30/08/2016;3,2525
31/08/2016;3,2403
01/09/2016;3,2472
02/09/2016;3,2431
05/09/2016;3,2721
06/09/2016;3,2452
08/09/2016;3,1934
09/09/2016;3,2638
12/09/2016;3,2854
13/09/2016;3,2972
14/09/2016;3,3262
15/09/2016;3,3326
16/09/2016;3,3004
19/09/2016;3,2636
20/09/2016;3,254
21/09/2016;3,2408
22/09/2016;3,2015
23/09/2016;3,2242
26/09/2016;3,24
27/09/2016;3,2358
28/09/2016;3,2476
29/09/2016;3,2235
30/09/2016;3,2462
03/10/2016;3,2338
04/10/2016;3,2203
05/10/2016;3,2359
06/10/2016;3,231
07/10/2016;3,2134
10/10/2016;3,2125
11/10/2016;3,2136
13/10/2016;3,2087
14/10/2016;3,1864
17/10/2016;3,1963
18/10/2016;3,1874
19/10/2016;3,18
20/10/2016;3,1605
21/10/2016;3,1593
24/10/2016;3,1311
25/10/2016;3,1193
26/10/2016;3,1219
27/10/2016;3,1429
28/10/2016;3,1815
31/10/2016;3,1811
